"key","english","es-419","pt-BR","review_flag"
"marketing.home.seo.title","Elevare | Find Trainers, Coaches & Wellness Support","Elevare | Encuentra entrenadores, coaches y apoyo de bienestar","Elevare | Encontre personal trainers, coaches e suporte de bem-estar","SEO_REVIEW"
"marketing.home.seo.description","Discover personal trainers, nutrition coaches, bodybuilding coaches, life coaches, wellness specialists, and more on Elevare.","Descubre entrenadores personales, profesionales de nutrición, coaches de fisicoculturismo, bienestar y más en Elevare.","Encontre personal trainers, profissionais de nutrição, coaches de fisiculturismo, bem-estar e muito mais na Elevare.","SEO_REVIEW"
"marketing.home.hero.eyebrow","ElevareFit","ElevareFit","ElevareFit","STANDARD_REVIEW"
"marketing.home.hero.title","Find the right support for your goals.","Encuentra el apoyo adecuado para tus objetivos.","Encontre o suporte certo para seus objetivos.","STANDARD_REVIEW"
"marketing.home.hero.body","Discover trainers, coaches, nutrition and wellness professionals, plus free fitness tools and tracking apps that help make progress easier to follow.","Descubre entrenadores, coaches y profesionales de nutrición y bienestar, además de herramientas gratuitas y apps para seguir tu progreso con claridad.","Encontre personal trainers, coaches e profissionais de nutrição e bem-estar, além de ferramentas gratuitas e apps para acompanhar seu progresso com clareza.","STANDARD_REVIEW"
"marketing.home.hero.toolsCta","Explore free tools","Explorar herramientas gratuitas","Explorar ferramentas gratuitas","STANDARD_REVIEW"
"marketing.home.hero.logbookCta","Download Logbook","Descargar Logbook","Baixar o Logbook","STANDARD_REVIEW"
"marketing.home.hero.marketplaceCta","Find your match","Encontrar profesionales","Encontrar profissionais","MARKETPLACE_COPY_REVIEW"
"marketing.home.hero.highlightsLabel","Platform highlights","Opciones de ElevareFit","Destaques da plataforma","STANDARD_REVIEW"
"marketing.home.overview[0].label","Free tools","Herramientas gratuitas","Ferramentas gratuitas","STANDARD_REVIEW"
"marketing.home.overview[0].title","Calculators, workouts, and guides","Calculadoras, rutinas y guías","Calculadoras, treinos e guias","STANDARD_REVIEW"
"marketing.home.overview[0].body","Open the tools hub for calculators, workouts, exercise guides, and nutrition resources.","Abre el centro de herramientas para consultar calculadoras, rutinas, guías de ejercicios y recursos de nutrición.","Acesse calculadoras, treinos, guias de exercícios e recursos de nutrição em um só lugar.","STANDARD_REVIEW"
"marketing.home.overview[0].action","Explore free tools","Explorar herramientas","Explorar ferramentas","STANDARD_REVIEW"
"marketing.home.overview[1].label","Logbook","Logbook","Logbook","STANDARD_REVIEW"
"marketing.home.overview[1].title","Track the basics daily","Registra lo esencial cada día","Registre o essencial todos os dias","STANDARD_REVIEW"
"marketing.home.overview[1].body","See the daily-use app for workouts, nutrition, body weight, and progress tracking.","Conoce la app diaria para registrar entrenamientos, nutrición, peso corporal y progreso.","Conheça o app para registrar treinos, nutrição, peso corporal e progresso no dia a dia.","STANDARD_REVIEW"
"marketing.home.overview[1].action","View Logbook","Ver Logbook","Ver Logbook","STANDARD_REVIEW"
"marketing.home.overview[2].label","StageLab","StageLab","StageLab","STANDARD_REVIEW"
"marketing.home.overview[2].title","Prep support for physique goals","Apoyo para objetivos de físico","Suporte para objetivos de físico","STANDARD_REVIEW"
"marketing.home.overview[2].body","Review competition timelines, weekly check-ins, progress photos, and plan recommendations.","Revisa cronogramas de competencia, controles semanales, fotos de progreso y recomendaciones del plan.","Acompanhe cronogramas de competição, check-ins semanais, fotos de progresso e recomendações do plano.","AI_CLAIM_REVIEW"
"marketing.home.overview[2].action","View StageLab","Ver StageLab","Ver StageLab","STANDARD_REVIEW"
"marketing.home.nextStep.eyebrow","Choose your next step","Elige tu siguiente paso","Escolha seu próximo passo","STANDARD_REVIEW"
"marketing.home.nextStep.title","Choose your next step.","Elige tu siguiente paso.","Escolha seu próximo passo.","STANDARD_REVIEW"
"marketing.home.nextStep.cards[0].label","Free tools","Herramientas gratuitas","Ferramentas gratuitas","STANDARD_REVIEW"
"marketing.home.nextStep.cards[0].title","I want free fitness tools","Quiero herramientas de fitness gratuitas","Quero ferramentas gratuitas de fitness","STANDARD_REVIEW"
"marketing.home.nextStep.cards[0].body","Go straight to calculators, workout templates, exercise guides, and nutrition resources.","Ve directamente a calculadoras, plantillas de entrenamiento, guías de ejercicios y recursos de nutrición.","Acesse calculadoras, modelos de treino, guias de exercícios e recursos de nutrição.","STANDARD_REVIEW"
"marketing.home.nextStep.cards[0].action","Open the tools hub","Abrir herramientas","Abrir as ferramentas","STANDARD_REVIEW"
"marketing.home.nextStep.cards[1].label","Logbook","Logbook","Logbook","STANDARD_REVIEW"
"marketing.home.nextStep.cards[1].title","I want to track my progress","Quiero registrar mi progreso","Quero acompanhar meu progresso","STANDARD_REVIEW"
"marketing.home.nextStep.cards[1].body","Start with the app built for workouts, nutrition, body weight, and day-to-day consistency.","Empieza con la app creada para entrenamientos, nutrición, peso corporal y constancia diaria.","Comece com o app feito para treinos, nutrição, peso corporal e consistência diária.","STANDARD_REVIEW"
"marketing.home.nextStep.cards[1].action","See Logbook","Ver Logbook","Ver Logbook","STANDARD_REVIEW"
"marketing.home.nextStep.cards[2].label","StageLab","StageLab","StageLab","STANDARD_REVIEW"
"marketing.home.nextStep.cards[2].title","I am preparing for a physique competition","Me preparo para una competencia de físico","Estou me preparando para uma competição de físico","STANDARD_REVIEW"
"marketing.home.nextStep.cards[2].body","Use StageLab for show timelines, weekly check-ins, progress photos, and prep recommendations.","Usa StageLab para cronogramas, controles semanales, fotos de progreso y recomendaciones de preparación.","Use o StageLab para cronogramas, check-ins semanais, fotos de progresso e recomendações de preparação.","AI_CLAIM_REVIEW"
"marketing.home.nextStep.cards[2].action","See StageLab","Ver StageLab","Ver StageLab","STANDARD_REVIEW"
"marketing.home.nextStep.cards[3].label","Elevare","Elevare","Elevare","STANDARD_REVIEW"
"marketing.home.nextStep.cards[3].title","I want to find or become a coach","Quiero encontrar o convertirme en coach","Quero encontrar ou me tornar um coach","STANDARD_REVIEW"
"marketing.home.nextStep.cards[3].body","Browse profiles now, or create your public profile if you want to join the marketplace.","Explora perfiles o crea tu perfil público si quieres formar parte del marketplace.","Explore perfis ou crie seu perfil público para participar do marketplace.","STANDARD_REVIEW"
"marketing.home.nextStep.cards[3].action","Open the marketplace","Abrir el marketplace","Abrir o marketplace","STANDARD_REVIEW"
"marketing.home.tools.eyebrow","Free fitness tools","Herramientas de fitness gratuitas","Ferramentas gratuitas de fitness","STANDARD_REVIEW"
"marketing.home.tools.title","Start with tools you can use right now.","Empieza con herramientas que puedes usar hoy.","Comece com ferramentas que você pode usar agora.","STANDARD_REVIEW"
"marketing.home.tools.body","Open calculators, exercise guides, workout templates, and restaurant nutrition resources that support everyday progress.","Consulta calculadoras, guías de ejercicios, plantillas de entrenamiento y recursos de nutrición de restaurantes para apoyar tu progreso diario.","Acesse calculadoras, guias de exercícios, modelos de treino e recursos de nutrição de restaurantes para apoiar seu progresso diário.","STANDARD_REVIEW"
"marketing.home.tools.cards[0].label","Calculators","Calculadoras","Calculadoras","STANDARD_REVIEW"
"marketing.home.tools.cards[0].title","Nutrition and training math made simpler.","Cálculos de nutrición y entrenamiento más sencillos.","Cálculos de nutrição e treino mais simples.","STANDARD_REVIEW"
"marketing.home.tools.cards[0].body","Estimate calories, protein, macros, body composition, training zones, and more with practical tools.","Obtén estimaciones de calorías, proteína, macros, composición corporal, zonas de entrenamiento y más.","Estime calorias, proteína, macros, composição corporal, zonas de treino e muito mais.","STANDARD_REVIEW"
"marketing.home.tools.cards[0].action","Browse calculators","Ver calculadoras","Ver calculadoras","STANDARD_REVIEW"
"marketing.home.tools.cards[1].label","Exercise library","Biblioteca de ejercicios","Biblioteca de exercícios","STANDARD_REVIEW"
"marketing.home.tools.cards[1].title","Learn movements with better context.","Aprende cada movimiento con más contexto.","Aprenda os movimentos com mais contexto.","STANDARD_REVIEW"
"marketing.home.tools.cards[1].body","Browse exercise pages by muscle group and equipment so it is easier to choose the right movement.","Explora ejercicios por grupo muscular y equipo para elegir el movimiento adecuado con mayor facilidad.","Explore exercícios por grupo muscular e equipamento para escolher o movimento certo com mais facilidade.","STANDARD_REVIEW"
"marketing.home.tools.cards[1].action","Browse exercises","Ver ejercicios","Ver exercícios","STANDARD_REVIEW"
"marketing.home.tools.cards[2].label","Workout templates","Plantillas de entrenamiento","Modelos de treino","STANDARD_REVIEW"
"marketing.home.tools.cards[2].title","Start with a plan that matches your week.","Empieza con un plan que se adapte a tu semana.","Comece com um plano que cabe na sua semana.","STANDARD_REVIEW"
"marketing.home.tools.cards[2].body","Use workout templates and the workout finder to get a structure you can actually follow.","Usa plantillas y el buscador de rutinas para encontrar una estructura que realmente puedas seguir.","Use modelos e o buscador de treinos para encontrar uma estrutura que você consiga seguir.","STANDARD_REVIEW"
"marketing.home.tools.cards[2].action","Browse workouts","Ver rutinas","Ver treinos","STANDARD_REVIEW"
"marketing.home.tools.cards[3].label","Restaurant nutrition","Nutrición de restaurantes","Nutrição de restaurantes","STANDARD_REVIEW"
"marketing.home.tools.cards[3].title","Find options when you are not cooking at home.","Encuentra opciones cuando no cocinas en casa.","Encontre opções quando não estiver cozinhando em casa.","STANDARD_REVIEW"
"marketing.home.tools.cards[3].body","Search restaurant menus and compare calories, protein, carbohydrates, fat, and serving sizes.","Busca menús y compara calorías, proteína, carbohidratos, grasa y tamaños de porción.","Pesquise cardápios e compare calorias, proteína, carboidratos, gordura e porções.","STANDARD_REVIEW"
"marketing.home.tools.cards[3].action","Browse nutrition resources","Ver recursos de nutrición","Ver recursos de nutrição","STANDARD_REVIEW"
"marketing.home.logbook.title","Log workouts, food, body weight, and progress.","Registra entrenamientos, alimentos, peso corporal y progreso.","Registre treinos, alimentos, peso corporal e progresso.","STANDARD_REVIEW"
"marketing.home.logbook.intro","Logbook records daily training, food, macros, body weight, and progress without unnecessary setup.","Logbook registra tu entrenamiento diario, alimentos, macros, peso corporal y progreso sin configuraciones innecesarias.","O Logbook registra treino diário, alimentos, macros, peso corporal e progresso sem configurações desnecessárias.","STANDARD_REVIEW"
"marketing.home.logbook.featureTitle","Keep a daily record you can review.","Mantén un registro diario que puedas revisar.","Mantenha um registro diário que você possa revisar.","STANDARD_REVIEW"
"marketing.home.logbook.featureBody","Record workouts, meals, macros, body weight, and progress. Review the same history before your next session or nutrition adjustment.","Registra entrenamientos, comidas, macros, peso corporal y progreso. Revisa el mismo historial antes de tu próxima sesión o ajuste nutricional.","Registre treinos, refeições, macros, peso corporal e progresso. Consulte o mesmo histórico antes da próxima sessão ou ajuste nutricional.","STANDARD_REVIEW"
"marketing.home.logbook.explore","Explore Logbook","Explorar Logbook","Explorar Logbook","STANDARD_REVIEW"
"marketing.home.logbook.previewLabel","Product preview","Vista del producto","Prévia do produto","STANDARD_REVIEW"
"marketing.home.logbook.previewAlt","Logbook product visual showing calorie tracking and daily targets","Vista de Logbook con seguimiento de calorías y objetivos diarios","Prévia do Logbook mostrando acompanhamento de calorias e metas diárias","STANDARD_REVIEW"
"marketing.home.logbook.previewTitle","Live on iOS and Android","Disponible en iOS y Android","Disponível para iOS e Android","STANDARD_REVIEW"
"marketing.home.logbook.previewBody","Record food, training, and bodyweight, then review the history from the same app.","Registra alimentos, entrenamiento y peso corporal, y revisa todo el historial en la misma app.","Registre alimentos, treino e peso corporal e consulte todo o histórico no mesmo app.","STANDARD_REVIEW"
"marketing.home.logbook.points[0].title","Record each day","Registra cada día","Registre cada dia","STANDARD_REVIEW"
"marketing.home.logbook.points[0].body","Log exercises, sets, reps, food, macros, and body weight while the details are current.","Anota ejercicios, series, repeticiones, alimentos, macros y peso corporal mientras los detalles están frescos.","Anote exercícios, séries, repetições, alimentos, macros e peso corporal enquanto os detalhes estão frescos.","STANDARD_REVIEW"
"marketing.home.logbook.points[1].title","Compare progress over time","Compara el progreso con el tiempo","Compare o progresso ao longo do tempo","STANDARD_REVIEW"
"marketing.home.logbook.points[1].body","Review training performance, nutrition, and bodyweight history before changing your targets.","Revisa el rendimiento, la nutrición y el historial de peso corporal antes de cambiar tus objetivos.","Revise desempenho, nutrição e histórico de peso antes de alterar suas metas.","STANDARD_REVIEW"
"marketing.home.stagelab.title","Prep tools for physique-focused athletes and coaches.","Herramientas de preparación para atletas de físico y sus coaches.","Ferramentas de preparação para atletas de físico e coaches.","STANDARD_REVIEW"
"marketing.home.stagelab.intro","StageLab gives competitors and coaches a place to review prep timelines, weekly check-ins, photos, plan execution, recovery, and recommendations.","StageLab permite a competidores y coaches revisar cronogramas, controles semanales, fotos, cumplimiento del plan, recuperación y recomendaciones.","O StageLab oferece a competidores e coaches um lugar para revisar cronogramas, check-ins semanais, fotos, execução do plano, recuperação e recomendações.","AI_CLAIM_REVIEW"
"marketing.home.stagelab.featureTitle","Review the full week before changing the plan.","Revisa la semana completa antes de cambiar el plan.","Revise a semana inteira antes de mudar o plano.","STANDARD_REVIEW"
"marketing.home.stagelab.featureBody","Upload check-in photos, record prep data, compare changes over time, and see whether StageLab recommends holding or adjusting the active plan.","Sube fotos de control, registra datos de preparación, compara cambios y revisa si StageLab recomienda mantener o ajustar el plan activo.","Envie fotos de check-in, registre dados da preparação, compare mudanças e veja se o StageLab recomenda manter ou ajustar o plano ativo.","STANDARD_REVIEW"
"marketing.home.stagelab.explore","Explore StageLab","Explorar StageLab","Explorar StageLab","STANDARD_REVIEW"
"marketing.home.stagelab.quickAnalysisCta","Try Quick Analysis — {price} one time","Probar Quick Analysis — {price} por única vez","Experimentar Quick Analysis — {price} uma única vez","STANDARD_REVIEW"
"marketing.home.stagelab.previewLabel","Product preview","Vista del producto","Prévia do produto","STANDARD_REVIEW"
"marketing.home.stagelab.previewAlt","StageLab product visual showing a cardio increase recommendation screen","Vista de StageLab con una recomendación de aumento de cardio","Prévia do StageLab mostrando uma recomendação de aumento de cardio","AI_CLAIM_REVIEW"
"marketing.home.stagelab.previewTitle","Live on iOS and Android","Disponible en iOS y Android","Disponível para iOS e Android","STANDARD_REVIEW"
"marketing.home.stagelab.previewBody","See the active plan, recommendation, confidence, and reasons for each weekly check-in.","Consulta el plan activo, la recomendación, el nivel de confianza y los motivos de cada control semanal.","Veja o plano ativo, a recomendação, o nível de confiança e os motivos de cada check-in semanal.","AI_CLAIM_REVIEW"
"marketing.home.stagelab.points[0].title","Review weekly check-ins","Revisa controles semanales","Revise check-ins semanais","STANDARD_REVIEW"
"marketing.home.stagelab.points[0].body","Compare progress photos with bodyweight, nutrition, cardio, training, and recovery data.","Compara fotos de progreso con peso corporal, nutrición, cardio, entrenamiento y recuperación.","Compare fotos de progresso com peso corporal, nutrição, cardio, treino e recuperação.","STANDARD_REVIEW"
"marketing.home.stagelab.points[1].title","Plan around the timeline","Planifica según el cronograma","Planeje de acordo com o cronograma","STANDARD_REVIEW"
"marketing.home.stagelab.points[1].body","Keep the division, show date, weeks out, and current prep plan visible during each review.","Mantén visibles la división, fecha del evento, semanas restantes y plan actual en cada revisión.","Mantenha divisão, data do evento, semanas restantes e plano atual visíveis em cada revisão.","STANDARD_REVIEW"
"marketing.home.storeButtons.ios","Download on the App Store","Descargar en App Store","Baixar na App Store","PLATFORM_COPY_REVIEW"
"marketing.home.storeButtons.android","Get it on Google Play","Disponible en Google Play","Disponível no Google Play","PLATFORM_COPY_REVIEW"
"marketing.home.marketplace.eyebrow","Elevare marketplace","Marketplace de Elevare","Marketplace Elevare","MARKETPLACE_COPY_REVIEW"
"marketing.home.marketplace.title","Find support or join as a pro.","Encuentra apoyo o únete como profesional.","Encontre suporte ou participe como profissional.","MARKETPLACE_COPY_REVIEW"
"marketing.home.marketplace.body","Compare published professional profiles, save options, and send consultation requests. Professionals can create a profile and submit it for review.","Compara perfiles profesionales publicados, guarda opciones y envía solicitudes de consulta. Los profesionales pueden crear un perfil y enviarlo a revisión.","Compare perfis profissionais publicados, salve opções e envie solicitações de consulta. Profissionais podem criar um perfil e enviá-lo para análise.","MARKETPLACE_COPY_REVIEW"
"marketing.home.marketplace.intro","Clients can browse publicly and create an account only when they want to save a profile or send a request. Pros can create a profile, add services and credentials, and submit it for approval.","Los clientes pueden explorar públicamente y crear una cuenta solo cuando quieran guardar un perfil o enviar una solicitud. Los profesionales pueden agregar servicios y credenciales y enviar su perfil para aprobación.","Clientes podem explorar os perfis publicamente e criar uma conta apenas quando quiserem salvar um perfil ou enviar uma solicitação. Profissionais podem adicionar serviços e credenciais e enviar o perfil para aprovação.","MARKETPLACE_COPY_REVIEW"
"marketing.home.marketplace.audienceLabel","Who Elevare is for","Para quién es Elevare","Para quem é a Elevare","MARKETPLACE_COPY_REVIEW"
"marketing.home.marketplace.clientLabel","Clients","Clientes","Clientes","MARKETPLACE_COPY_REVIEW"
"marketing.home.marketplace.clientTitle","Compare professionals","Compara profesionales","Compare profissionais","MARKETPLACE_COPY_REVIEW"
"marketing.home.marketplace.clientBody","Review specialty, location, service mode, pricing, credentials, and professional category.","Revisa especialidad, ubicación, modalidad, precios, credenciales y categoría profesional.","Confira especialidade, localização, modalidade, preços, credenciais e categoria profissional.","MARKETPLACE_COPY_REVIEW"
"marketing.home.marketplace.professionalLabel","For pros","Para profesionales","Para profissionais","MARKETPLACE_COPY_REVIEW"
"marketing.home.marketplace.professionalTitle","Publish the details clients need","Publica la información que necesitan los clientes","Publique as informações que os clientes procuram","MARKETPLACE_COPY_REVIEW"
"marketing.home.marketplace.professionalBody","List categories, specialties, credentials, service modes, location, and price details.","Incluye categorías, especialidades, credenciales, modalidades, ubicación y detalles de precios.","Adicione categorias, especialidades, credenciais, modalidades, localização e detalhes de preços.","MARKETPLACE_COPY_REVIEW"
"marketing.home.marketplace.browseCta","Find your match","Encontrar profesionales","Encontrar profissionais","MARKETPLACE_COPY_REVIEW"
"marketing.home.marketplace.joinCta","Join as a Pro","Unirme como profesional","Participar como profissional","MARKETPLACE_COPY_REVIEW"
"marketing.home.marketplace.snapshotLabel","Marketplace snapshot","Vista del marketplace","Visão do marketplace","MARKETPLACE_COPY_REVIEW"
"marketing.home.marketplace.snapshotTitle","Browse by category.","Explora por categoría.","Explore por categoria.","MARKETPLACE_COPY_REVIEW"
"marketing.home.marketplace.snapshotBody","Start with the kind of support you want, then narrow by location, service mode, and specialty.","Empieza por el tipo de apoyo que buscas y luego filtra por ubicación, modalidad y especialidad.","Comece pelo tipo de suporte que procura e filtre por localização, modalidade e especialidade.","MARKETPLACE_COPY_REVIEW"
"marketing.home.marketplace.categoryAction","Browse","Explorar","Explorar","MARKETPLACE_COPY_REVIEW"
"marketing.home.marketplace.socialProof","{count} are currently available in the public directory.","Actualmente hay {count} disponibles en el directorio público.","Atualmente, {count} estão disponíveis no diretório público.","MARKETPLACE_COPY_REVIEW"
"marketing.home.marketplace.socialProofFallback","Browse by category, location, and specialty to narrow the right fit.","Explora por categoría, ubicación y especialidad para encontrar una opción adecuada.","Explore por categoria, localização e especialidade para encontrar a opção certa.","MARKETPLACE_COPY_REVIEW"
"marketing.home.insights.eyebrow","Latest insights","Artículos recientes","Conteúdos recentes","STANDARD_REVIEW"
"marketing.home.insights.title","Keep learning between workouts.","Sigue aprendiendo entre entrenamientos.","Continue aprendendo entre os treinos.","STANDARD_REVIEW"
"marketing.home.insights.body","Read practical articles on training, nutrition, tracking, prep, and the small decisions that make consistency easier.","Lee artículos prácticos sobre entrenamiento, nutrición, seguimiento, preparación y las pequeñas decisiones que facilitan la constancia.","Leia artigos práticos sobre treino, nutrição, acompanhamento, preparação e as pequenas decisões que facilitam a consistência.","STANDARD_REVIEW"
"marketing.home.insights.cta","Browse the blog","Explorar el blog","Explorar o blog","STANDARD_REVIEW"
"marketing.home.insights.readArticle","Read article","Leer artículo","Ler artigo","STANDARD_REVIEW"
"marketing.products.logbook.seo.title","Logbook: Free Workout & Fitness Tracker","Logbook: app gratuita para registrar entrenamientos y fitness","Logbook: app gratuito para registrar treinos e fitness","SEO_REVIEW"
"marketing.products.logbook.seo.description","Track workouts, nutrition, macros, bodyweight, and progress with Logbook, a focused fitness tracker available free on iOS and Android.","Registra entrenamientos, nutrición, macros, peso corporal y progreso con Logbook, disponible gratis para iOS y Android.","Registre treinos, nutrição, macros, peso corporal e progresso com o Logbook, disponível gratuitamente para iOS e Android.","SEO_REVIEW"
"marketing.products.logbook.structuredDescription","A free workout, nutrition, bodyweight, and fitness progress tracker.","Una app gratuita para registrar entrenamientos, nutrición, peso corporal y progreso físico.","Um app gratuito para registrar treinos, nutrição, peso corporal e progresso físico.","STANDARD_REVIEW"
"marketing.products.logbook.hero.eyebrow","Logbook fitness tracker","App de seguimiento Logbook","App de acompanhamento Logbook","STANDARD_REVIEW"
"marketing.products.logbook.hero.title","Track workouts, nutrition, and progress without the clutter.","Registra entrenamientos, nutrición y progreso sin complicaciones.","Registre treinos, nutrição e progresso sem complicação.","STANDARD_REVIEW"
"marketing.products.logbook.hero.body","Record training, food, macros, bodyweight, and progress in a daily log. Use the history to compare sessions, nutrition targets, and bodyweight changes over time.","Registra entrenamiento, alimentos, macros, peso corporal y progreso en un diario. Usa el historial para comparar sesiones, objetivos nutricionales y cambios de peso con el tiempo.","Registre treino, alimentos, macros, peso corporal e progresso em um diário. Use o histórico para comparar sessões, metas nutricionais e mudanças de peso ao longo do tempo.","STANDARD_REVIEW"
"marketing.products.logbook.hero.secondaryCta","Explore free calculators","Explorar calculadoras gratuitas","Explorar calculadoras gratuitas","STANDARD_REVIEW"
"marketing.products.logbook.hero.logoAlt","Logbook fitness tracker app logo","Logo de la app de seguimiento Logbook","Logo do app de acompanhamento Logbook","STANDARD_REVIEW"
"marketing.products.logbook.storeButtons.ios","Download on the App Store","Descargar en App Store","Baixar na App Store","PLATFORM_COPY_REVIEW"
"marketing.products.logbook.storeButtons.android","Get it on Google Play","Disponible en Google Play","Disponível no Google Play","PLATFORM_COPY_REVIEW"
"marketing.products.logbook.demo.title","See Logbook in Action","Mira Logbook en acción","Veja o Logbook em ação","STANDARD_REVIEW"
"marketing.products.logbook.demo.body","See how Logbook helps you track your nutrition, build workouts, log your training, and follow your progress.","Descubre cómo Logbook te ayuda a registrar tu nutrición, crear rutinas, anotar tus entrenamientos y seguir tu progreso.","Veja como o Logbook ajuda a acompanhar sua nutrição, montar treinos, registrar suas sessões e seguir seu progresso.","STANDARD_REVIEW"
"marketing.products.logbook.demo.iframeTitle","Logbook fitness tracker app walkthrough","Demostración de la app de seguimiento físico Logbook","Demonstração do app de acompanhamento fitness Logbook","STANDARD_REVIEW"
"marketing.products.logbook.summaryCards[0].label","Workouts","Entrenamientos","Treinos","STANDARD_REVIEW"
"marketing.products.logbook.summaryCards[0].title","Keep a reliable training history","Mantén un historial de entrenamiento confiable","Mantenha um histórico de treino confiável","STANDARD_REVIEW"
"marketing.products.logbook.summaryCards[0].body","Record exercises, sets, reps, and performance so each session has context from the one before it.","Registra ejercicios, series, repeticiones y rendimiento para que cada sesión tenga el contexto de la anterior.","Registre exercícios, séries, repetições e desempenho para que cada sessão tenha o contexto da anterior.","STANDARD_REVIEW"
"marketing.products.logbook.summaryCards[1].label","Nutrition","Nutrición","Nutrição","STANDARD_REVIEW"
"marketing.products.logbook.summaryCards[1].title","See calories and macros clearly","Consulta calorías y macros con claridad","Veja calorias e macros com clareza","STANDARD_REVIEW"
"marketing.products.logbook.summaryCards[1].body","Log food and review calories, protein, carbohydrates, and fat against the targets you are trying to follow.","Registra alimentos y compara calorías, proteína, carbohidratos y grasa con los objetivos que intentas seguir.","Registre alimentos e compare calorias, proteína, carboidratos e gordura com as metas que está seguindo.","STANDARD_REVIEW"
"marketing.products.logbook.summaryCards[2].label","Availability","Disponibilidad","Disponibilidade","STANDARD_REVIEW"
"marketing.products.logbook.summaryCards[2].title","Live on iOS and Android","Disponible en iOS y Android","Disponível para iOS e Android","STANDARD_REVIEW"
"marketing.products.logbook.summaryCards[2].body","Download Logbook from the App Store or Google Play and keep your training record with you.","Descarga Logbook desde App Store o Google Play y lleva tu registro de entrenamiento contigo.","Baixe o Logbook na App Store ou no Google Play e leve seu histórico de treino com você.","PLATFORM_COPY_REVIEW"
"marketing.products.logbook.overview.eyebrow","A simple fitness tracker","Un registro de fitness sencillo","Um app simples de acompanhamento fitness","STANDARD_REVIEW"
"marketing.products.logbook.overview.title","Use your history before changing the plan.","Revisa tu historial antes de cambiar el plan.","Consulte seu histórico antes de mudar o plano.","STANDARD_REVIEW"
"marketing.products.logbook.overview.paragraphs[0]","Training and nutrition are difficult to evaluate from memory. Logbook stores exercises, sets, reps, food, macros, and bodyweight so you can compare current results with previous days and sessions.","El entrenamiento y la nutrición son difíciles de evaluar de memoria. Logbook guarda ejercicios, series, repeticiones, alimentos, macros y peso corporal para comparar tus resultados actuales con días y sesiones anteriores.","É difícil avaliar treino e nutrição apenas pela memória. O Logbook guarda exercícios, séries, repetições, alimentos, macros e peso corporal para você comparar os resultados atuais com dias e sessões anteriores.","STANDARD_REVIEW"
"marketing.products.logbook.overview.paragraphs[1]","The record does not need to be perfect to be useful. Consistent entries show where workouts progressed, where nutrition missed target, and how bodyweight changed.","El registro no tiene que ser perfecto para ser útil. Las entradas constantes muestran dónde progresó el entrenamiento, dónde la nutrición no alcanzó el objetivo y cómo cambió el peso corporal.","O registro não precisa ser perfeito para ser útil. Entradas consistentes mostram onde o treino evoluiu, onde a nutrição saiu da meta e como o peso corporal mudou.","STANDARD_REVIEW"
"marketing.products.logbook.overview.secondaryTitle","Track bodyweight and progress over time","Sigue tu peso corporal y progreso con el tiempo","Acompanhe o peso corporal e o progresso ao longo do tempo","STANDARD_REVIEW"
"marketing.products.logbook.overview.secondaryBody","Daily weight can move for reasons that have little to do with body-fat change. Keeping a longer record makes it easier to focus on the trend. Logbook connects that progress view with the workouts and nutrition habits that influence it, so the number is not isolated from the work behind it.","El peso diario puede variar por motivos que tienen poco que ver con la grasa corporal. Un registro más largo ayuda a enfocarte en la tendencia. Logbook conecta esa evolución con los entrenamientos y hábitos nutricionales que la influyen.","O peso diário pode variar por motivos que têm pouco a ver com mudança de gordura corporal. Um histórico mais longo facilita o foco na tendência. O Logbook conecta essa evolução aos treinos e hábitos nutricionais que a influenciam.","STANDARD_REVIEW"
"marketing.products.logbook.visual.alt","Illustration of calorie goals, a balanced meal, and a fitness tracking screen","Ilustración de objetivos de calorías, una comida equilibrada y una pantalla de seguimiento físico","Ilustração de metas de calorias, uma refeição equilibrada e uma tela de acompanhamento fitness","STANDARD_REVIEW"
"marketing.products.logbook.visual.title","Calories are a starting point, not a verdict","Las calorías son un punto de partida, no un veredicto","Calorias são um ponto de partida, não um veredito","STANDARD_REVIEW"
"marketing.products.logbook.visual.body","Use a consistent record to compare the plan with what happens over time.","Usa un registro constante para comparar el plan con lo que ocurre con el tiempo.","Use um registro consistente para comparar o plano com o que acontece ao longo do tempo.","STANDARD_REVIEW"
"marketing.products.logbook.features.eyebrow","What you can track","Lo que puedes registrar","O que você pode registrar","STANDARD_REVIEW"
"marketing.products.logbook.features.title","Record the work you are already doing.","Registra el trabajo que ya estás haciendo.","Registre o trabalho que você já está fazendo.","STANDARD_REVIEW"
"marketing.products.logbook.features.cards[0].title","Workouts and exercises","Entrenamientos y ejercicios","Treinos e exercícios","STANDARD_REVIEW"
"marketing.products.logbook.features.cards[0].body","Keep your training sessions organized and review previous performance before you repeat a movement.","Organiza tus sesiones y revisa el rendimiento anterior antes de repetir un movimiento.","Organize suas sessões e consulte o desempenho anterior antes de repetir um movimento.","STANDARD_REVIEW"
"marketing.products.logbook.features.cards[1].title","Food, calories, and macros","Alimentos, calorías y macros","Alimentos, calorias e macros","STANDARD_REVIEW"
"marketing.products.logbook.features.cards[1].body","Build awareness around your intake without assuming that healthy food, one meal, or one estimate tells the full story.","Conoce mejor tu consumo sin asumir que un alimento saludable, una comida o una estimación cuentan toda la historia.","Entenda melhor seu consumo sem presumir que um alimento saudável, uma refeição ou uma estimativa contam toda a história.","STANDARD_REVIEW"
"marketing.products.logbook.features.cards[2].title","Bodyweight and trends","Peso corporal y tendencias","Peso corporal e tendências","STANDARD_REVIEW"
"marketing.products.logbook.features.cards[2].body","Compare changes over time instead of letting one high or low weigh-in decide whether your plan is working.","Compara cambios a lo largo del tiempo en vez de dejar que una sola medición decida si el plan funciona.","Compare mudanças ao longo do tempo em vez de deixar uma única pesagem decidir se o plano está funcionando.","STANDARD_REVIEW"
"marketing.products.logbook.steps.eyebrow","How Logbook works","Cómo funciona Logbook","Como o Logbook funciona","STANDARD_REVIEW"
"marketing.products.logbook.steps.title","Start small and build a usable history.","Empieza con poco y crea un historial útil.","Comece aos poucos e crie um histórico útil.","STANDARD_REVIEW"
"marketing.products.logbook.steps.cards[0].title","Set your targets","Define tus objetivos","Defina suas metas","STANDARD_REVIEW"
"marketing.products.logbook.steps.cards[0].body","Choose the training and nutrition targets that match the plan you are following.","Elige los objetivos de entrenamiento y nutrición que coincidan con el plan que sigues.","Escolha metas de treino e nutrição que correspondam ao plano que você segue.","STANDARD_REVIEW"
"marketing.products.logbook.steps.cards[1].title","Log the day","Registra el día","Registre o dia","STANDARD_REVIEW"
"marketing.products.logbook.steps.cards[1].body","Record workouts, food, macros, and bodyweight while the details are still easy to remember.","Anota entrenamientos, alimentos, macros y peso corporal mientras los detalles son fáciles de recordar.","Anote treinos, alimentos, macros e peso corporal enquanto os detalhes ainda são fáceis de lembrar.","STANDARD_REVIEW"
"marketing.products.logbook.steps.cards[2].title","Review the trend","Revisa la tendencia","Revise a tendência","STANDARD_REVIEW"
"marketing.products.logbook.steps.cards[2].body","Use the history to spot patterns, measure consistency, and decide what deserves to change.","Usa el historial para detectar patrones, medir constancia y decidir qué merece cambiar.","Use o histórico para identificar padrões, medir consistência e decidir o que merece mudar.","STANDARD_REVIEW"
"marketing.products.logbook.callout.label","Callout","Importante","Importante","STANDARD_REVIEW"
"marketing.products.logbook.callout.title","Useful across different fitness goals","Útil para distintos objetivos de fitness","Útil para diferentes objetivos de fitness","STANDARD_REVIEW"
"marketing.products.logbook.callout.body","Logbook can support people focused on general fitness, strength, physique improvement, bodyweight change, or simply building a more consistent routine. It records the plan and results you enter; it does not make medical diagnoses or replace individualized advice from a qualified professional.","Logbook puede apoyar a personas enfocadas en fitness general, fuerza, mejora del físico, cambios de peso o una rutina más constante. Registra el plan y los resultados que ingresas; no realiza diagnósticos médicos ni reemplaza la orientación individual de un profesional calificado.","O Logbook pode apoiar pessoas focadas em condicionamento geral, força, melhoria do físico, mudança de peso ou uma rotina mais consistente. Ele registra o plano e os resultados inseridos; não faz diagnósticos médicos nem substitui orientação individual de um profissional qualificado.","LEGAL_HEALTH_REVIEW"
"marketing.products.logbook.callout.firstCta","Browse exercises","Explorar ejercicios","Explorar exercícios","STANDARD_REVIEW"
"marketing.products.logbook.callout.secondCta","Browse workout templates","Explorar plantillas de entrenamiento","Explorar modelos de treino","STANDARD_REVIEW"
"marketing.products.logbook.faq.eyebrow","Frequently asked questions","Preguntas frecuentes","Perguntas frequentes","STANDARD_REVIEW"
"marketing.products.logbook.faq.title","Logbook questions","Preguntas sobre Logbook","Perguntas sobre o Logbook","STANDARD_REVIEW"
"marketing.products.logbook.faq.items[0].question","What can I track in Logbook?","¿Qué puedo registrar en Logbook?","O que posso registrar no Logbook?","STANDARD_REVIEW"
"marketing.products.logbook.faq.items[0].answer","Logbook records workouts, exercise history, food, macros, bodyweight, and progress in the same app.","Logbook registra entrenamientos, historial de ejercicios, alimentos, macros, peso corporal y progreso en la misma app.","O Logbook registra treinos, histórico de exercícios, alimentos, macros, peso corporal e progresso no mesmo app.","STANDARD_REVIEW"
"marketing.products.logbook.faq.items[1].question","Is Logbook free to use?","¿Logbook es gratis?","O Logbook é gratuito?","STANDARD_REVIEW"
"marketing.products.logbook.faq.items[1].answer","Logbook is positioned as a free fitness tracker and can be downloaded from the Apple App Store and Google Play.","Logbook se ofrece como una app gratuita de seguimiento físico y puede descargarse desde Apple App Store y Google Play.","O Logbook é oferecido como um app gratuito de acompanhamento fitness e pode ser baixado na Apple App Store e no Google Play.","PLATFORM_COPY_REVIEW"
"marketing.products.logbook.faq.items[2].question","Can beginners use Logbook?","¿Pueden usar Logbook las personas principiantes?","Iniciantes podem usar o Logbook?","STANDARD_REVIEW"
"marketing.products.logbook.faq.items[2].answer","Yes. Logbook is designed to keep daily tracking understandable for beginners while still giving experienced lifters and athletes a consistent record of their work.","Sí. Logbook mantiene el registro diario comprensible para principiantes y ofrece a atletas con experiencia un historial constante de su trabajo.","Sim. O Logbook mantém o registro diário simples para iniciantes e oferece a atletas experientes um histórico consistente do seu trabalho.","STANDARD_REVIEW"
"marketing.products.logbook.faq.items[3].question","Does Logbook create my training or nutrition plan?","¿Logbook crea mi plan de entrenamiento o nutrición?","O Logbook cria meu plano de treino ou nutrição?","STANDARD_REVIEW"
"marketing.products.logbook.faq.items[3].answer","Logbook helps you record and review what you do. Its tracking data is informational and does not replace individualized medical, dietetic, or professional coaching advice.","Logbook te ayuda a registrar y revisar lo que haces. Sus datos son informativos y no reemplazan asesoría médica, dietética o profesional individualizada.","O Logbook ajuda você a registrar e revisar o que faz. Os dados são informativos e não substituem orientação médica, nutricional ou profissional individualizada.","LEGAL_HEALTH_REVIEW"
"marketing.products.logbook.faq.items[4].question","Where can I download Logbook?","¿Dónde puedo descargar Logbook?","Onde posso baixar o Logbook?","STANDARD_REVIEW"
"marketing.products.logbook.faq.items[4].answer","Logbook is available for supported iOS devices on the App Store and Android devices on Google Play.","Logbook está disponible para dispositivos iOS compatibles en App Store y para Android en Google Play.","O Logbook está disponível para dispositivos iOS compatíveis na App Store e para Android no Google Play.","PLATFORM_COPY_REVIEW"
"marketing.products.logbook.final.eyebrow","Start tracking","Comienza a registrar","Comece a registrar","STANDARD_REVIEW"
"marketing.products.logbook.final.title","Start a training and nutrition record.","Crea un registro de entrenamiento y nutrición.","Crie um histórico de treino e nutrição.","STANDARD_REVIEW"
"marketing.products.stagelab.seo.title","StageLab: Bodybuilding & Physique Prep App","StageLab: app para preparación de fisicoculturismo y físico","StageLab: app para preparação de fisiculturismo e físico","SEO_REVIEW"
"marketing.products.stagelab.seo.description","Track bodybuilding contest prep with weekly check-ins, physique photos, conditioning trends, and structured recommendations for athletes and coaches.","Registra tu preparación para competencia con controles semanales, fotos, tendencias de acondicionamiento y recomendaciones estructuradas para atletas y coaches.","Acompanhe a preparação para competição com check-ins semanais, fotos, tendências de condicionamento e recomendações estruturadas para atletas e coaches.","AI_CLAIM_REVIEW|SEO_REVIEW"
"marketing.products.stagelab.structuredDescription","A bodybuilding and physique competition-prep tracking app for athletes and coaches.","Una app de seguimiento para atletas y coaches durante la preparación de fisicoculturismo y competencias de físico.","Um app de acompanhamento para atletas e coaches durante a preparação de fisiculturismo e competições de físico.","STANDARD_REVIEW"
"marketing.products.stagelab.hero.eyebrow","StageLab competition prep","Preparación para competencia con StageLab","Preparação para competição com StageLab","STANDARD_REVIEW"
"marketing.products.stagelab.hero.title","Bodybuilding contest prep, organized around the full picture.","Preparación de fisicoculturismo organizada alrededor del panorama completo.","Preparação de fisiculturismo organizada em torno do quadro completo.","STANDARD_REVIEW"
"marketing.products.stagelab.hero.body","Record weekly check-ins, physique photos, nutrition targets, cardio, recovery, and prep-plan changes. Athletes and coaches can review those inputs together throughout contest prep.","Registra controles semanales, fotos del físico, objetivos nutricionales, cardio, recuperación y cambios del plan. Atletas y coaches pueden revisar toda esa información durante la preparación.","Registre check-ins semanais, fotos do físico, metas nutricionais, cardio, recuperação e mudanças do plano. Atletas e coaches podem revisar todas essas informações durante a preparação.","STANDARD_REVIEW"
"marketing.products.stagelab.hero.secondaryCta","Try Quick Analysis — {price} one time","Probar Quick Analysis — {price} por única vez","Experimentar Quick Analysis — {price} uma única vez","STANDARD_REVIEW"
"marketing.products.stagelab.hero.tertiaryCta","Follow a real prep","Seguir una preparación real","Acompanhar uma preparação real","STANDARD_REVIEW"
"marketing.products.stagelab.hero.logoAlt","StageLab Competition Prep app logo","Logo de la app StageLab Competition Prep","Logo do app StageLab Competition Prep","STANDARD_REVIEW"
"marketing.products.stagelab.storeButtons.ios","Download on the App Store","Descargar en App Store","Baixar na App Store","PLATFORM_COPY_REVIEW"
"marketing.products.stagelab.storeButtons.android","Get it on Google Play","Disponible en Google Play","Disponível no Google Play","PLATFORM_COPY_REVIEW"
"marketing.products.stagelab.summaryCards[0].label","Weekly workflow","Proceso semanal","Fluxo semanal","STANDARD_REVIEW"
"marketing.products.stagelab.summaryCards[0].title","Check-ins with context","Controles con contexto","Check-ins com contexto","STANDARD_REVIEW"
"marketing.products.stagelab.summaryCards[0].body","Review weight trends, plan execution, recovery, photos, and the active prep plan together.","Revisa en conjunto las tendencias de peso, el cumplimiento, la recuperación, las fotos y el plan activo.","Revise em conjunto tendências de peso, execução do plano, recuperação, fotos e o plano ativo.","STANDARD_REVIEW"
"marketing.products.stagelab.summaryCards[1].label","Built for","Creado para","Feito para","STANDARD_REVIEW"
"marketing.products.stagelab.summaryCards[1].title","Athletes and coaches","Atletas y coaches","Atletas e coaches","STANDARD_REVIEW"
"marketing.products.stagelab.summaryCards[1].body","Use an individual athlete workflow or organize multiple physique athletes through coach tools.","Usa el proceso individual para atletas u organiza a varios atletas de físico con las herramientas para coaches.","Use o fluxo individual de atleta ou organize vários atletas de físico com as ferramentas para coaches.","STANDARD_REVIEW"
"marketing.products.stagelab.summaryCards[2].label","Availability","Disponibilidad","Disponibilidade","STANDARD_REVIEW"
"marketing.products.stagelab.summaryCards[2].title","Live on iOS and Android","Disponible en iOS y Android","Disponível para iOS e Android","STANDARD_REVIEW"
"marketing.products.stagelab.summaryCards[2].body","Download StageLab from the App Store or Google Play and start logging the active prep plan.","Descarga StageLab desde App Store o Google Play y comienza a registrar el plan activo.","Baixe o StageLab na App Store ou no Google Play e comece a registrar o plano ativo.","PLATFORM_COPY_REVIEW"
"marketing.products.stagelab.overview.eyebrow","Built for bodybuilding contest prep","Creado para la preparación de fisicoculturismo","Feito para preparação de fisiculturismo","STANDARD_REVIEW"
"marketing.products.stagelab.overview.title","Prep decisions need more than a single weigh-in.","Las decisiones de preparación necesitan más que un solo pesaje.","Decisões de preparação precisam de mais do que uma única pesagem.","STANDARD_REVIEW"
"marketing.products.stagelab.overview.paragraphs[0]","StageLab places bodyweight next to calories, macros, cardio, steps, training, recovery, and visual changes. Each weekly review shows why the active plan was held or adjusted instead of relying on one weigh-in.","StageLab coloca el peso corporal junto a calorías, macros, cardio, pasos, entrenamiento, recuperación y cambios visuales. Cada revisión semanal muestra por qué se mantuvo o ajustó el plan activo.","O StageLab coloca o peso corporal ao lado de calorias, macros, cardio, passos, treino, recuperação e mudanças visuais. Cada revisão semanal mostra por que o plano ativo foi mantido ou ajustado.","STANDARD_REVIEW"
"marketing.products.stagelab.overview.paragraphs[1]","The workflow supports physique-focused preparation across men's and women's divisions, including Men's Bodybuilding, Men's Physique, Classic Physique, Bikini, Wellness, Figure, Fitness, Women's Physique, and Women's Bodybuilding. The underlying review remains useful for competitors who need consistent weekly records. It is not a judging service and does not guarantee conditioning or placement.","El proceso apoya divisiones masculinas y femeninas, como Bodybuilding, Men's Physique, Classic Physique, Bikini, Wellness, Figure, Fitness, Women's Physique y Women's Bodybuilding. Es útil para competidores que necesitan registros semanales constantes. No es un servicio de jueces ni garantiza acondicionamiento o posición.","O fluxo atende divisões masculinas e femininas, como Bodybuilding, Men's Physique, Classic Physique, Bikini, Wellness, Figure, Fitness, Women's Physique e Women's Bodybuilding. Ele é útil para competidores que precisam de registros semanais consistentes. Não é um serviço de julgamento e não garante condicionamento ou colocação.","LEGAL_HEALTH_REVIEW"
"marketing.products.stagelab.overview.secondaryTitle","Visual check-ins and progress analysis","Controles visuales y análisis del progreso","Check-ins visuais e análise do progresso","STANDARD_REVIEW"
"marketing.products.stagelab.overview.secondaryBody","Store progress photos with weekly check-ins so visual changes can be reviewed next to the rest of your prep data. StageLab can provide AI-assisted visual observations about conditioning trends and visible markers, but photos never override logged execution, recovery, or the judgment of a qualified coach.","Guarda fotos de progreso con los controles semanales para revisar los cambios visuales junto al resto de los datos. StageLab puede ofrecer observaciones visuales asistidas por IA, pero las fotos no reemplazan los datos registrados ni el criterio de un coach calificado.","Guarde fotos de progresso com os check-ins semanais para revisar mudanças visuais ao lado dos demais dados. O StageLab pode oferecer observações visuais assistidas por IA, mas as fotos não substituem os dados registrados nem o julgamento de um coach qualificado.","AI_CLAIM_REVIEW"
"marketing.products.stagelab.visual.alt","StageLab weekly prep recommendation showing an increase in cardio","Recomendación semanal de StageLab que muestra un aumento de cardio","Recomendação semanal do StageLab mostrando um aumento de cardio","AI_CLAIM_REVIEW"
"marketing.products.stagelab.visual.title","A recommendation with the active plan attached","Una recomendación vinculada al plan activo","Uma recomendação vinculada ao plano ativo","AI_CLAIM_REVIEW"
"marketing.products.stagelab.visual.body","See what changed, why it changed, and what to review at the next check-in.","Consulta qué cambió, por qué cambió y qué revisar en el siguiente control.","Veja o que mudou, por que mudou e o que revisar no próximo check-in.","STANDARD_REVIEW"
"marketing.products.stagelab.features.eyebrow","Contest-prep inputs","Datos de preparación","Dados da preparação","STANDARD_REVIEW"
"marketing.products.stagelab.features.title","Keep the inputs behind each decision visible.","Mantén visibles los datos detrás de cada decisión.","Mantenha visíveis os dados por trás de cada decisão.","STANDARD_REVIEW"
"marketing.products.stagelab.features.cards[0].title","Nutrition and cardio","Nutrición y cardio","Nutrição e cardio","STANDARD_REVIEW"
"marketing.products.stagelab.features.cards[0].body","Keep calories, macros, steps, and scheduled cardio tied to the plan being reviewed.","Mantén calorías, macros, pasos y cardio programado vinculados al plan que se revisa.","Mantenha calorias, macros, passos e cardio programado vinculados ao plano em revisão.","STANDARD_REVIEW"
"marketing.products.stagelab.features.cards[1].title","Weight and conditioning trends","Tendencias de peso y acondicionamiento","Tendências de peso e condicionamento","STANDARD_REVIEW"
"marketing.products.stagelab.features.cards[1].body","Follow changes across multiple check-ins instead of reacting to an isolated day.","Sigue los cambios durante varios controles en vez de reaccionar a un día aislado.","Acompanhe mudanças em vários check-ins em vez de reagir a um dia isolado.","STANDARD_REVIEW"
"marketing.products.stagelab.features.cards[2].title","Training and recovery","Entrenamiento y recuperación","Treino e recuperação","STANDARD_REVIEW"
"marketing.products.stagelab.features.cards[2].body","Record execution, strength, sleep, energy, and recovery markers that can change how a week is interpreted.","Registra cumplimiento, fuerza, sueño, energía y recuperación para interpretar mejor cada semana.","Registre execução, força, sono, energia e recuperação para interpretar melhor cada semana.","STANDARD_REVIEW"
"marketing.products.stagelab.steps.eyebrow","How StageLab works","Cómo funciona StageLab","Como o StageLab funciona","STANDARD_REVIEW"
"marketing.products.stagelab.steps.title","A repeatable weekly review.","Una revisión semanal que puedes repetir.","Uma revisão semanal que pode ser repetida.","STANDARD_REVIEW"
"marketing.products.stagelab.steps.cards[0].title","Set the active plan","Define el plan activo","Defina o plano ativo","STANDARD_REVIEW"
"marketing.products.stagelab.steps.cards[0].body","Start with current calories, macros, steps, cardio, division, and competition timeline.","Empieza con calorías, macros, pasos, cardio, división y cronograma actuales.","Comece com calorias, macros, passos, cardio, divisão e cronograma atuais.","STANDARD_REVIEW"
"marketing.products.stagelab.steps.cards[1].title","Log the week","Registra la semana","Registre a semana","STANDARD_REVIEW"
"marketing.products.stagelab.steps.cards[1].body","Record bodyweight, execution, training, recovery, and other check-in signals as the week develops.","Anota peso corporal, cumplimiento, entrenamiento, recuperación y otras señales durante la semana.","Anote peso corporal, execução, treino, recuperação e outros sinais ao longo da semana.","STANDARD_REVIEW"
"marketing.products.stagelab.steps.cards[2].title","Submit a check-in","Envía un control","Envie um check-in","STANDARD_REVIEW"
"marketing.products.stagelab.steps.cards[2].body","Add consistent progress photos and review the full week instead of relying on memory.","Agrega fotos de progreso consistentes y revisa la semana completa en vez de depender de la memoria.","Adicione fotos de progresso consistentes e revise a semana inteira em vez de depender da memória.","STANDARD_REVIEW"
"marketing.products.stagelab.steps.cards[3].title","Review and apply","Revisa y aplica","Revise e aplique","STANDARD_REVIEW"
"marketing.products.stagelab.steps.cards[3].body","Consider the recommendation, its confidence, and the stated reasons before deciding whether to update the plan.","Considera la recomendación, su nivel de confianza y los motivos antes de decidir si actualizas el plan.","Considere a recomendação, o nível de confiança e os motivos antes de decidir se atualiza o plano.","AI_CLAIM_REVIEW"
"marketing.products.stagelab.callout.label","Callout","Importante","Importante","STANDARD_REVIEW"
"marketing.products.stagelab.callout.title","Prep trends, not guarantees","Tendencias de preparación, no garantías","Tendências da preparação, não garantias","LEGAL_HEALTH_REVIEW"
"marketing.products.stagelab.callout.body","StageLab uses AI-assisted analysis to organize check-in signals and produce informational recommendations. Outputs may be inaccurate or incomplete and are not medical advice, licensed dietetic care, or a guarantee of stage readiness, health outcomes, physique results, or competition placement.","StageLab usa análisis asistido por IA para organizar señales y generar recomendaciones informativas. Los resultados pueden ser inexactos o incompletos y no son asesoría médica ni dietética, ni garantizan condición de competencia, resultados de salud, cambios físicos o posiciones.","O StageLab usa análise assistida por IA para organizar sinais de check-in e gerar recomendações informativas. Os resultados podem ser imprecisos ou incompletos e não são orientação médica ou nutricional, nem garantem condição de palco, resultados de saúde, mudanças físicas ou colocação.","LEGAL_HEALTH_REVIEW|AI_CLAIM_REVIEW"
"marketing.products.stagelab.faq.eyebrow","Frequently asked questions","Preguntas frecuentes","Perguntas frequentes","STANDARD_REVIEW"
"marketing.products.stagelab.faq.title","StageLab questions","Preguntas sobre StageLab","Perguntas sobre o StageLab","STANDARD_REVIEW"
"marketing.products.stagelab.faq.items[0].question","Who is StageLab built for?","¿Para quién está creado StageLab?","Para quem o StageLab foi criado?","STANDARD_REVIEW"
"marketing.products.stagelab.faq.items[0].answer","StageLab is for physique athletes preparing for competition and coaches who review athlete check-ins, prep plans, and progress trends.","StageLab es para atletas de físico que se preparan para competir y coaches que revisan controles, planes y tendencias de progreso.","O StageLab é para atletas de físico que se preparam para competir e coaches que revisam check-ins, planos e tendências de progresso.","STANDARD_REVIEW"
"marketing.products.stagelab.faq.items[1].question","Does StageLab replace a contest prep coach?","¿StageLab reemplaza a un coach de preparación?","O StageLab substitui um coach de preparação?","STANDARD_REVIEW"
"marketing.products.stagelab.faq.items[1].answer","No. StageLab organizes data and provides AI-assisted informational outputs, but athletes remain responsible for their decisions and should seek qualified professional guidance when appropriate.","No. StageLab organiza datos y ofrece resultados informativos asistidos por IA, pero cada atleta es responsable de sus decisiones y debe buscar orientación profesional calificada cuando corresponda.","Não. O StageLab organiza dados e fornece resultados informativos assistidos por IA, mas cada atleta é responsável por suas decisões e deve buscar orientação profissional qualificada quando necessário.","AI_CLAIM_REVIEW"
"marketing.products.stagelab.faq.items[2].question","What can I track during prep?","¿Qué puedo registrar durante la preparación?","O que posso registrar durante a preparação?","STANDARD_REVIEW"
"marketing.products.stagelab.faq.items[2].answer","StageLab supports weekly check-ins, bodyweight and progress trends, physique photos, calories and macros, cardio, steps, recovery markers, and prep-plan changes.","StageLab permite registrar controles semanales, tendencias de peso, fotos, calorías y macros, cardio, pasos, recuperación y cambios del plan.","O StageLab permite registrar check-ins semanais, tendências de peso, fotos, calorias e macros, cardio, passos, recuperação e mudanças do plano.","STANDARD_REVIEW"
"marketing.products.stagelab.faq.items[3].question","Are StageLab recommendations guaranteed to be accurate?","¿Las recomendaciones de StageLab siempre son precisas?","As recomendações do StageLab são sempre precisas?","LEGAL_HEALTH_REVIEW|AI_CLAIM_REVIEW"
"marketing.products.stagelab.faq.items[3].answer","No. Recommendations and visual analysis may be incomplete or inaccurate. They are designed to support review and planning, not guarantee stage readiness, health outcomes, or competition results.","No. Las recomendaciones y el análisis visual pueden ser incompletos o inexactos. Apoyan la revisión y planificación, pero no garantizan condición, salud ni resultados de competencia.","Não. Recomendações e análises visuais podem ser incompletas ou imprecisas. Elas apoiam revisão e planejamento, mas não garantem condição, saúde ou resultados em competição.","LEGAL_HEALTH_REVIEW|AI_CLAIM_REVIEW"
"marketing.products.stagelab.faq.items[4].question","Where can I download StageLab?","¿Dónde puedo descargar StageLab?","Onde posso baixar o StageLab?","STANDARD_REVIEW"
"marketing.products.stagelab.faq.items[4].answer","StageLab is available on the Apple App Store and Google Play for supported iOS and Android devices.","StageLab está disponible en Apple App Store y Google Play para dispositivos iOS y Android compatibles.","O StageLab está disponível na Apple App Store e no Google Play para dispositivos iOS e Android compatíveis.","PLATFORM_COPY_REVIEW"
"marketing.products.stagelab.final.eyebrow","Start your prep record","Comienza tu registro de preparación","Comece seu registro de preparação","STANDARD_REVIEW"
"marketing.products.stagelab.final.title","Keep the active plan and weekly check-ins together.","Mantén juntos el plan activo y los controles semanales.","Mantenha o plano ativo e os check-ins semanais juntos.","STANDARD_REVIEW"
"marketing.marketplaceCategories.personal-training.label","Personal Training","Entrenamiento personal","Treinamento personalizado","MARKETPLACE_COPY_REVIEW"
"marketing.marketplaceCategories.personal-training.description","Fitness, strength, and body composition","Fitness, fuerza y composición corporal","Fitness, força e composição corporal","MARKETPLACE_COPY_REVIEW"
"marketing.marketplaceCategories.strength-conditioning.label","Strength & Conditioning","Fuerza y acondicionamiento","Força e condicionamento","MARKETPLACE_COPY_REVIEW"
"marketing.marketplaceCategories.strength-conditioning.description","Strength, power, and athletic development","Fuerza, potencia y desarrollo atlético","Força, potência e desenvolvimento atlético","MARKETPLACE_COPY_REVIEW"
"marketing.marketplaceCategories.bodybuilding-physique.label","Bodybuilding & Physique","Fisicoculturismo y físico","Fisiculturismo e físico","MARKETPLACE_COPY_REVIEW"
"marketing.marketplaceCategories.bodybuilding-physique.description","Hypertrophy, contest prep, and posing","Desarrollo muscular, preparación y posing","Hipertrofia, preparação e poses","MARKETPLACE_COPY_REVIEW"
"marketing.marketplaceCategories.strength-sports.label","Strength Sports","Deportes de fuerza","Esportes de força","MARKETPLACE_COPY_REVIEW"
"marketing.marketplaceCategories.strength-sports.description","Powerlifting, weightlifting, and strongman","Powerlifting, halterofilia y strongman","Powerlifting, levantamento de peso e strongman","MARKETPLACE_COPY_REVIEW"
"marketing.marketplaceCategories.running-endurance.label","Running & Endurance","Running y resistencia","Corrida e resistência","MARKETPLACE_COPY_REVIEW"
"marketing.marketplaceCategories.running-endurance.description","Running, race preparation, and endurance","Carreras, running y resistencia","Corrida, provas e resistência","MARKETPLACE_COPY_REVIEW"
"marketing.marketplaceCategories.sports-performance.label","Sports Performance","Rendimiento deportivo","Desempenho esportivo","MARKETPLACE_COPY_REVIEW"
"marketing.marketplaceCategories.sports-performance.description","Speed, agility, and athletic performance","Velocidad, agilidad y rendimiento atlético","Velocidade, agilidade e desempenho atlético","MARKETPLACE_COPY_REVIEW"
"marketing.marketplaceCategories.nutrition.label","Nutrition","Nutrición","Nutrição","MARKETPLACE_COPY_REVIEW"
"marketing.marketplaceCategories.nutrition.description","Nutrition coaching and healthy eating","Coaching nutricional y alimentación saludable","Coaching nutricional e alimentação saudável","MARKETPLACE_COPY_REVIEW"
"marketing.marketplaceCategories.dietetics.label","Dietetics","Dietética","Dietética","LEGAL_HEALTH_REVIEW|MARKETPLACE_COPY_REVIEW"
"marketing.marketplaceCategories.dietetics.description","Nutrition support from credentialed professionals","Apoyo nutricional de profesionales acreditados","Suporte nutricional de profissionais credenciados","LEGAL_HEALTH_REVIEW|MARKETPLACE_COPY_REVIEW"
"marketing.marketplaceCategories.health-wellness-coaching.label","Health & Wellness Coaching","Coaching de salud y bienestar","Coaching de saúde e bem-estar","MARKETPLACE_COPY_REVIEW"
"marketing.marketplaceCategories.health-wellness-coaching.description","Habits, accountability, and lifestyle","Hábitos, responsabilidad y estilo de vida","Hábitos, responsabilidade e estilo de vida","MARKETPLACE_COPY_REVIEW"
"marketing.marketplaceCategories.life-mindset-coaching.label","Life & Mindset Coaching","Coaching de vida y mentalidad","Coaching de vida e mentalidade","MARKETPLACE_COPY_REVIEW"
"marketing.marketplaceCategories.life-mindset-coaching.description","Mindset, confidence, and personal growth","Mentalidad, confianza y crecimiento personal","Mentalidade, confiança e crescimento pessoal","MARKETPLACE_COPY_REVIEW"
"marketing.marketplaceCategories.yoga.label","Yoga","Yoga","Yoga","MARKETPLACE_COPY_REVIEW"
"marketing.marketplaceCategories.yoga.description","Yoga, mobility, and mind-body practice","Yoga, movilidad y práctica mente-cuerpo","Yoga, mobilidade e prática mente-corpo","MARKETPLACE_COPY_REVIEW"
"marketing.marketplaceCategories.pilates.label","Pilates","Pilates","Pilates","MARKETPLACE_COPY_REVIEW"
"marketing.marketplaceCategories.pilates.description","Core strength, posture, and movement","Fuerza del core, postura y movimiento","Força do core, postura e movimento","MARKETPLACE_COPY_REVIEW"
"marketing.marketplaceCategories.mobility-movement.label","Mobility & Movement","Movilidad y movimiento","Mobilidade e movimento","MARKETPLACE_COPY_REVIEW"
"marketing.marketplaceCategories.mobility-movement.description","Mobility, stretching, and movement quality","Movilidad, estiramiento y calidad de movimiento","Mobilidade, alongamento e qualidade de movimento","MARKETPLACE_COPY_REVIEW"
"marketing.marketplaceCategories.mindfulness-breathwork.label","Mindfulness & Breathwork","Mindfulness y respiración","Mindfulness e respiração","MARKETPLACE_COPY_REVIEW"
"marketing.marketplaceCategories.mindfulness-breathwork.description","Mindfulness, breathing, and stress support","Atención plena, respiración y manejo del estrés","Atenção plena, respiração e suporte ao estresse","MARKETPLACE_COPY_REVIEW"
"marketing.marketplaceCategories.recovery-bodywork.label","Recovery & Bodywork","Recuperación y trabajo corporal","Recuperação e trabalho corporal","MARKETPLACE_COPY_REVIEW"
"marketing.marketplaceCategories.recovery-bodywork.description","Recovery, massage, and assisted stretching","Recuperación, masaje y estiramiento asistido","Recuperação, massagem e alongamento assistido","MARKETPLACE_COPY_REVIEW"
"marketing.marketplaceCategories.special-population-fitness.label","Special Population Fitness","Fitness para poblaciones específicas","Fitness para públicos específicos","MARKETPLACE_COPY_REVIEW"
"marketing.marketplaceCategories.special-population-fitness.description","Fitness for different life stages and needs","Fitness para distintas etapas y necesidades","Fitness para diferentes fases e necessidades","MARKETPLACE_COPY_REVIEW"
"catalog.exercise.seo.indexTitle","Exercise Database","Base de datos de ejercicios","Banco de exercicios","SEO_REVIEW"
"catalog.exercise.seo.indexDescription","Explore a beginner-friendly exercise database with muscles worked, equipment, instructions, and related training guidance.","Explora ejercicios con musculos trabajados, equipo, instrucciones y orientacion para tu entrenamiento.","Explore exercicios com musculos trabalhados, equipamentos, instrucoes e orientacoes de treino.","SEO_REVIEW"
"catalog.exercise.seo.categoryFallbackTitle","Exercise category","Categoria de ejercicios","Categoria de exercicios","SEO_REVIEW"
"catalog.exercise.seo.categoryFallbackDescription","Browse exercises by muscle group and equipment.","Explora ejercicios por grupo muscular y equipo.","Explore exercicios por grupo muscular e equipamento.","SEO_REVIEW"
"catalog.exercise.seo.detailTitle","{name}: Form & Muscles Worked","{name}: tecnica y musculos trabajados","{name}: execucao e musculos trabalhados","SEO_REVIEW"
"catalog.exercise.seo.detailDescription","Learn how to perform {name}, including the muscles worked, equipment, instructions, benefits, and common mistakes.","Aprende a hacer {name}, incluidos los musculos trabajados, el equipo, las instrucciones, los beneficios y los errores comunes.","Aprenda a fazer {name}, incluindo musculos trabalhados, equipamento, instrucoes, beneficios e erros comuns.","SEO_REVIEW"
"catalog.exercise.index.eyebrow","Exercises","Ejercicios","Exercicios","STANDARD_REVIEW"
"catalog.exercise.index.title","Browse exercises by muscle group, equipment, and movement.","Explora ejercicios por grupo muscular, equipo y movimiento.","Explore exercicios por grupo muscular, equipamento e movimento.","STANDARD_REVIEW"
"catalog.exercise.index.intro","Explore beginner-friendly exercise pages with instructions, benefits, common mistakes, and related movements you can track in Logbook.","Consulta paginas de ejercicios con instrucciones, beneficios, errores comunes y movimientos relacionados que puedes registrar en Logbook.","Consulte paginas de exercicios com instrucoes, beneficios, erros comuns e movimentos relacionados que voce pode registrar no Logbook.","STANDARD_REVIEW"
"catalog.exercise.index.browseWorkouts","Browse workout templates","Explorar rutinas","Explorar treinos","STANDARD_REVIEW"
"catalog.exercise.index.learnLogbook","Learn about Logbook","Conocer Logbook","Conhecer o Logbook","STANDARD_REVIEW"
"catalog.exercise.index.countLabel","Exercises","Ejercicios","Exercicios","STANDARD_REVIEW"
"catalog.exercise.index.countCopy","Public movements available in the current exercise library.","Movimientos disponibles en la biblioteca publica.","Movimentos disponiveis na biblioteca publica.","STANDARD_REVIEW"
"catalog.exercise.index.categoriesLabel","Category links","Categorias","Categorias","STANDARD_REVIEW"
"catalog.exercise.index.categoriesValue","Muscle + equipment","Musculo + equipo","Musculo + equipamento","STANDARD_REVIEW"
"catalog.exercise.index.categoriesCopy","Jump directly into chest, back, legs, dumbbell, barbell, and more.","Ve directamente a pecho, espalda, piernas, mancuernas, barra y mas.","Va direto para peito, costas, pernas, halteres, barra e muito mais.","STANDARD_REVIEW"
"catalog.exercise.index.purposeLabel","Use case","Objetivo","Objetivo","STANDARD_REVIEW"
"catalog.exercise.index.purposeValue","Training clarity","Entrenar con claridad","Treino com clareza","STANDARD_REVIEW"
"catalog.exercise.index.purposeCopy","Find the movement, learn the basics, and track it inside Logbook.","Encuentra el movimiento, aprende lo esencial y registralo en Logbook.","Encontre o movimento, aprenda o basico e registre no Logbook.","STANDARD_REVIEW"
"catalog.exercise.index.popularEyebrow","Popular exercises","Ejercicios populares","Exercicios populares","STANDARD_REVIEW"
"catalog.exercise.index.popularTitle","Start with the exercise pages people need most.","Comienza con los ejercicios mas utilizados.","Comece pelos exercicios mais utilizados.","STANDARD_REVIEW"
"catalog.exercise.index.popularCopy","These commonly used movements are a practical place to begin before exploring the full database.","Estos movimientos comunes son un buen punto de partida antes de explorar toda la biblioteca.","Estes movimentos comuns sao um bom ponto de partida antes de explorar toda a biblioteca.","STANDARD_REVIEW"
"catalog.exercise.index.musclesEyebrow","Muscle groups","Grupos musculares","Grupos musculares","STANDARD_REVIEW"
"catalog.exercise.index.musclesTitle","Start with what you want to train.","Comienza por lo que quieres entrenar.","Comece pelo que voce quer treinar.","STANDARD_REVIEW"
"catalog.exercise.index.musclesCopy","Browse exercise categories for the main muscle groups people search first.","Explora las principales categorias musculares.","Explore as principais categorias musculares.","STANDARD_REVIEW"
"catalog.exercise.index.equipmentEyebrow","Equipment","Equipo","Equipamento","STANDARD_REVIEW"
"catalog.exercise.index.equipmentTitle","Filter the library by what you have available.","Filtra la biblioteca segun el equipo disponible.","Filtre a biblioteca pelo equipamento disponivel.","STANDARD_REVIEW"
"catalog.exercise.index.equipmentCopy","Find useful options for barbells, dumbbells, cables, machines, kettlebells, or bodyweight training.","Encuentra opciones con barra, mancuernas, poleas, maquinas, pesas rusas o peso corporal.","Encontre opcoes com barra, halteres, cabos, maquinas, kettlebell ou peso corporal.","STANDARD_REVIEW"
"catalog.exercise.index.exploreCategory","Explore {category} exercises","Explorar ejercicios de {category}","Explorar exercicios de {category}","STANDARD_REVIEW"
"catalog.exercise.index.emptyLabel","Exercise library","Biblioteca de ejercicios","Biblioteca de exercicios","STANDARD_REVIEW"
"catalog.exercise.index.emptyTitle","The public exercise database is being refreshed.","La biblioteca publica se esta actualizando.","A biblioteca publica esta sendo atualizada.","STANDARD_REVIEW"
"catalog.exercise.index.emptyCopy","Once the exercise library finishes syncing, the movements will appear here automatically.","Los movimientos apareceran automaticamente cuando termine la sincronizacion.","Os movimentos aparecerao automaticamente quando a sincronizacao terminar.","STANDARD_REVIEW"
"catalog.exercise.directory.eyebrow","Exercise finder","Buscador de ejercicios","Busca de exercicios","STANDARD_REVIEW"
"catalog.exercise.directory.title","Search by name, muscle group, or equipment.","Busca por nombre, grupo muscular o equipo.","Busque por nome, grupo muscular ou equipamento.","STANDARD_REVIEW"
"catalog.exercise.directory.copy","Browse by what you want to train, the equipment you have, or a specific movement.","Explora segun lo que quieres entrenar, el equipo disponible o un movimiento especifico.","Explore pelo que deseja treinar, pelo equipamento disponivel ou por um movimento especifico.","STANDARD_REVIEW"
"catalog.exercise.directory.searchLabel","Search exercises","Buscar ejercicios","Buscar exercicios","STANDARD_REVIEW"
"catalog.exercise.directory.searchPlaceholder","Search bench press, lunge, row...","Press de banca, zancada, remo...","Supino, avanco, remada...","STANDARD_REVIEW"
"catalog.exercise.directory.muscleLabel","Muscle group","Grupo muscular","Grupo muscular","STANDARD_REVIEW"
"catalog.exercise.directory.allMuscles","All muscle groups","Todos los grupos musculares","Todos os grupos musculares","STANDARD_REVIEW"
"catalog.exercise.directory.equipmentLabel","Equipment","Equipo","Equipamento","STANDARD_REVIEW"
"catalog.exercise.directory.allEquipment","All equipment","Todo el equipo","Todos os equipamentos","STANDARD_REVIEW"
"catalog.exercise.directory.resultSingular","exercise","ejercicio","exercicio","STANDARD_REVIEW"
"catalog.exercise.directory.resultPlural","exercises","ejercicios","exercicios","STANDARD_REVIEW"
"catalog.exercise.directory.resultCopy","Use the filters to create a more useful shortlist.","Usa los filtros para crear una lista mas util.","Use os filtros para criar uma lista mais util.","STANDARD_REVIEW"
"catalog.exercise.directory.empty","No exercises matched that search. Try a broader muscle group, a simpler movement name, or different equipment.","Ningun ejercicio coincide. Prueba otro musculo, movimiento o equipo.","Nenhum exercicio corresponde a busca. Tente outro musculo, movimento ou equipamento.","STANDARD_REVIEW"
"catalog.exercise.category.muscleEyebrow","Muscle group","Grupo muscular","Grupo muscular","STANDARD_REVIEW"
"catalog.exercise.category.equipmentEyebrow","Equipment","Equipo","Equipamento","STANDARD_REVIEW"
"catalog.exercise.category.results","Results","Resultados","Resultados","STANDARD_REVIEW"
"catalog.exercise.category.resultsCopy","Exercises where this is the primary training focus.","Ejercicios donde esta es la zona principal de trabajo.","Exercicios em que este e o foco principal.","STANDARD_REVIEW"
"catalog.exercise.category.purpose","Use case","Objetivo","Objetivo","STANDARD_REVIEW"
"catalog.exercise.category.purposeValue","Find your next option","Encuentra tu proxima opcion","Encontre sua proxima opcao","STANDARD_REVIEW"
"catalog.exercise.category.purposeCopy","Compare similar movements without searching the entire database.","Compara movimientos similares sin buscar en toda la biblioteca.","Compare movimentos semelhantes sem buscar em toda a biblioteca.","STANDARD_REVIEW"
"catalog.exercise.category.track","Track it","Registralo","Registre","STANDARD_REVIEW"
"catalog.exercise.category.trackValue","Built for Logbook","Creado para Logbook","Feito para o Logbook","STANDARD_REVIEW"
"catalog.exercise.category.trackCopy","Find the exercise, then track it in Logbook.","Encuentra el ejercicio y registra tu progreso en Logbook.","Encontre o exercicio e acompanhe seu progresso no Logbook.","STANDARD_REVIEW"
"catalog.exercise.category.guideEyebrow","Category guide","Guia de la categoria","Guia da categoria","STANDARD_REVIEW"
"catalog.exercise.category.guideTitle","How to use this {category} exercise category.","Como usar la categoria de {category}.","Como usar a categoria de {category}.","STANDARD_REVIEW"
"catalog.exercise.category.guideParagraphs[0]","Use this page to narrow the library to movements that match the muscle group or equipment you want to use.","Usa esta pagina para limitar la biblioteca a movimientos que coincidan con el musculo o equipo que quieres usar.","Use esta pagina para limitar a biblioteca aos movimentos que correspondem ao musculo ou equipamento desejado.","STANDARD_REVIEW"
"catalog.exercise.category.guideParagraphs[1]","Choose a small number of exercises that fit your goal, current ability, and available setup. Repeatable movements are easier to learn and track.","Elige pocos ejercicios que se ajusten a tu objetivo, experiencia y equipo. Los movimientos repetibles son mas faciles de aprender y medir.","Escolha poucos exercicios adequados ao seu objetivo, experiencia e equipamento. Movimentos repetiveis sao mais faceis de aprender e medir.","STANDARD_REVIEW"
"catalog.exercise.category.guideParagraphs[2]","Technique, range of motion, and load should match your experience. Start conservatively and increase difficulty only when you can keep the movement controlled.","La tecnica, el rango de movimiento y la carga deben corresponder a tu experiencia. Empieza de forma conservadora y progresa con control.","A tecnica, a amplitude e a carga devem corresponder a sua experiencia. Comece de forma conservadora e progrida com controle.","STANDARD_REVIEW"
"catalog.exercise.category.topEyebrow","Top exercises","Ejercicios principales","Principais exercicios","STANDARD_REVIEW"
"catalog.exercise.category.topTitle","Ten useful places to start in this category.","Diez opciones utiles para comenzar.","Dez opcoes uteis para comecar.","STANDARD_REVIEW"
"catalog.exercise.category.topCopy","Begin with these commonly used exercises before scanning the full list.","Comienza con estos ejercicios comunes antes de revisar la lista completa.","Comece por estes exercicios comuns antes de consultar a lista completa.","STANDARD_REVIEW"
"catalog.exercise.category.supportingEyebrow","Supporting matches","Trabajo secundario","Trabalho secundario","STANDARD_REVIEW"
"catalog.exercise.category.supportingTitle","Exercises that also train {category}.","Ejercicios que tambien trabajan {category}.","Exercicios que tambem trabalham {category}.","STANDARD_REVIEW"
"catalog.exercise.category.supportingCopy","These are not primary {category} movements, but they involve the area as a secondary focus.","No son movimientos principales de {category}, pero involucran esa zona de forma secundaria.","Nao sao movimentos principais de {category}, mas envolvem a regiao de forma secundaria.","STANDARD_REVIEW"
"catalog.exercise.category.faqEyebrow","FAQ","Preguntas frecuentes","Perguntas frequentes","STANDARD_REVIEW"
"catalog.exercise.category.faqTitle","Common questions about {category} exercises.","Preguntas comunes sobre ejercicios de {category}.","Perguntas comuns sobre exercicios de {category}.","STANDARD_REVIEW"
"catalog.exercise.category.faqs[0].question","How many exercises should I choose?","¿Cuantos ejercicios debo elegir?","Quantos exercicios devo escolher?","STANDARD_REVIEW"
"catalog.exercise.category.faqs[0].answer","Most sessions only need a focused group of movements. Choose enough to train the target area without adding work you cannot recover from or repeat consistently.","La mayoria de las sesiones solo necesita un grupo enfocado de movimientos que puedas recuperar y repetir con constancia.","A maioria das sessoes precisa apenas de um grupo focado de movimentos que voce consiga recuperar e repetir com consistencia.","STANDARD_REVIEW"
"catalog.exercise.category.faqs[1].question","How should I choose the right exercise?","¿Como elijo el ejercicio adecuado?","Como escolher o exercicio certo?","STANDARD_REVIEW"
"catalog.exercise.category.faqs[1].answer","Match the movement to your goal, experience, equipment, comfort, and ability to use controlled technique.","Relaciona el movimiento con tu objetivo, experiencia, equipo, comodidad y capacidad para mantener una tecnica controlada.","Relacione o movimento ao seu objetivo, experiencia, equipamento, conforto e capacidade de manter uma tecnica controlada.","STANDARD_REVIEW"
"catalog.exercise.category.faqs[2].question","Should I change exercises every week?","¿Debo cambiar de ejercicios cada semana?","Devo trocar os exercicios toda semana?","STANDARD_REVIEW"
"catalog.exercise.category.faqs[2].answer","Usually not. Keeping key movements consistent makes it easier to learn technique and measure progress.","Por lo general, no. Mantener los movimientos principales facilita aprender la tecnica y medir el progreso.","Geralmente nao. Manter os movimentos principais facilita aprender a tecnica e medir o progresso.","STANDARD_REVIEW"
"catalog.exercise.category.faqs[3].question","What if an exercise causes pain?","¿Que hago si un ejercicio causa dolor?","E se um exercicio causar dor?","STANDARD_REVIEW"
"catalog.exercise.category.faqs[3].answer","Stop the movement and choose a comfortable alternative. Persistent or concerning pain should be discussed with a qualified healthcare professional.","Deten el movimiento y elige una alternativa comoda. Consulta el dolor persistente con un profesional de salud calificado.","Pare o movimento e escolha uma alternativa confortavel. Consulte um profissional de saude qualificado se a dor persistir.","STANDARD_REVIEW"
"catalog.exercise.detail.eyebrow","Exercise guide","Guia del ejercicio","Guia do exercicio","STANDARD_REVIEW"
"catalog.exercise.detail.primaryMuscle","Primary muscle","Musculo principal","Musculo principal","STANDARD_REVIEW"
"catalog.exercise.detail.primaryMuscleCopy","The main muscle group listed for this exercise.","El grupo muscular principal de este ejercicio.","O principal grupo muscular deste exercicio.","STANDARD_REVIEW"
"catalog.exercise.detail.equipment","Equipment","Equipo","Equipamento","STANDARD_REVIEW"
"catalog.exercise.detail.equipmentCopy","The equipment listed for this variation.","El equipo indicado para esta variacion.","O equipamento indicado para esta variacao.","STANDARD_REVIEW"
"catalog.exercise.detail.difficulty","Difficulty","Dificultad","Dificuldade","STANDARD_REVIEW"
"catalog.exercise.detail.difficultyCopy","The recorded setup and movement complexity.","La complejidad registrada del montaje y el movimiento.","A complexidade registrada da preparacao e do movimento.","STANDARD_REVIEW"
"catalog.exercise.detail.musclesWorked","Muscles worked","Musculos trabajados","Musculos trabalhados","STANDARD_REVIEW"
"catalog.exercise.detail.secondaryMuscles","{name} also involves {muscles}.","{name} tambien involucra {muscles}.","{name} tambem envolve {muscles}.","STANDARD_REVIEW"
"catalog.exercise.detail.noSecondaryMuscles","No secondary muscle group is listed for this variation.","No se indica un grupo muscular secundario para esta variacion.","Nenhum grupo muscular secundario esta indicado para esta variacao.","STANDARD_REVIEW"
"catalog.exercise.detail.exerciseType","Exercise type","Tipo de ejercicio","Tipo de exercicio","STANDARD_REVIEW"
"catalog.exercise.detail.movementPattern","Movement pattern: {pattern}.","Patron de movimiento: {pattern}.","Padrao de movimento: {pattern}.","STANDARD_REVIEW"
"catalog.exercise.detail.compound","This is a compound exercise.","Este es un ejercicio compuesto.","Este e um exercicio composto.","STANDARD_REVIEW"
"catalog.exercise.detail.isolation","This is an isolation exercise.","Este es un ejercicio de aislamiento.","Este e um exercicio de isolamento.","STANDARD_REVIEW"
"catalog.exercise.detail.trainingLevel","Training level","Nivel de entrenamiento","Nivel de treino","STANDARD_REVIEW"
"catalog.exercise.detail.trainingLevelCopy","This level reflects the setup and movement complexity recorded for this exercise.","Este nivel refleja la complejidad registrada del ejercicio.","Este nivel reflete a complexidade registrada do exercicio.","STANDARD_REVIEW"
"catalog.exercise.detail.instructions","Instructions","Instrucciones","Instrucoes","STANDARD_REVIEW"
"catalog.exercise.detail.howTo","How to do {name}","Como hacer {name}","Como fazer {name}","STANDARD_REVIEW"
"catalog.exercise.detail.benefits","Benefits","Beneficios","Beneficios","STANDARD_REVIEW"
"catalog.exercise.detail.mistakes","Common mistakes","Errores comunes","Erros comuns","STANDARD_REVIEW"
"catalog.exercise.detail.variations","Variations","Variaciones","Variacoes","STANDARD_REVIEW"
"catalog.exercise.detail.alternatives","Alternatives","Alternativas","Alternativas","STANDARD_REVIEW"
"catalog.exercise.detail.relatedEyebrow","Related exercises","Ejercicios relacionados","Exercicios relacionados","STANDARD_REVIEW"
"catalog.exercise.detail.relatedTitle","More exercises in the same category.","Mas ejercicios de la misma categoria.","Mais exercicios da mesma categoria.","STANDARD_REVIEW"
"catalog.exercise.detail.relatedCopy","Use these for a similar movement pattern, a different setup, or another option for the same target area.","Usalos para un patron parecido, otro montaje o una alternativa para la misma zona.","Use para um padrao semelhante, outra configuracao ou uma alternativa para a mesma regiao.","STANDARD_REVIEW"
"catalog.exercise.detail.faqEyebrow","FAQ","Preguntas frecuentes","Perguntas frequentes","STANDARD_REVIEW"
"catalog.exercise.detail.faqTitle","Common questions about {name}.","Preguntas comunes sobre {name}.","Perguntas comuns sobre {name}.","STANDARD_REVIEW"
"catalog.exercise.detail.faqQuestions[0]","What muscles does {name} work?","¿Que musculos trabaja {name}?","Quais musculos o {name} trabalha?","STANDARD_REVIEW"
"catalog.exercise.detail.faqQuestions[1]","What equipment does {name} use?","¿Que equipo usa {name}?","Qual equipamento o {name} usa?","STANDARD_REVIEW"
"catalog.exercise.detail.faqQuestions[2]","Is {name} a compound exercise?","¿{name} es un ejercicio compuesto?","O {name} e um exercicio composto?","STANDARD_REVIEW"
"catalog.exercise.detail.faqQuestions[3]","How should I use {name} in a workout?","¿Como incluyo {name} en una rutina?","Como incluir o {name} em um treino?","STANDARD_REVIEW"
"catalog.exercise.detail.faqAnswers[0]","The primary muscle group is {primary}. Secondary muscles may include {secondary}.","El grupo principal es {primary}. Los secundarios pueden incluir {secondary}.","O grupo principal e {primary}. Os secundarios podem incluir {secondary}.","STANDARD_REVIEW"
"catalog.exercise.detail.faqAnswers[1]","This variation uses {equipment}.","Esta variacion usa {equipment}.","Esta variacao usa {equipment}.","STANDARD_REVIEW"
"catalog.exercise.detail.faqAnswers[2]","{compound}","{compound}","{compound}","STANDARD_REVIEW"
"catalog.exercise.detail.faqAnswers[3]","Use a controlled load and repeatable technique that fits your training plan and experience level.","Usa una carga controlada y una tecnica repetible que se ajuste a tu plan y experiencia.","Use uma carga controlada e uma tecnica repetivel adequada ao seu plano e experiencia.","STANDARD_REVIEW"
"catalog.exercise.card.view","View exercise","Ver ejercicio","Ver exercicio","STANDARD_REVIEW"
"catalog.exercise.labels.allLevels","All levels","Todos los niveles","Todos os niveis","STANDARD_REVIEW"
"catalog.exercise.labels.generalExercise","General exercise","Ejercicio general","Exercicio geral","STANDARD_REVIEW"
"catalog.exercise.labels.generalMovement","General","General","Geral","STANDARD_REVIEW"
"catalog.exercise.labels.fullBody","Full body","Cuerpo completo","Corpo inteiro","STANDARD_REVIEW"
"catalog.exercise.labels.minimalEquipment","Minimal","Minimo","Minimo","STANDARD_REVIEW"
"catalog.exercise.labels.muscles.chest","Chest","Pecho","Peito","STANDARD_REVIEW"
"catalog.exercise.labels.muscles.back","Back","Espalda","Costas","STANDARD_REVIEW"
"catalog.exercise.labels.muscles.legs","Legs","Piernas","Pernas","STANDARD_REVIEW"
"catalog.exercise.labels.muscles.shoulders","Shoulders","Hombros","Ombros","STANDARD_REVIEW"
"catalog.exercise.labels.muscles.arms","Arms","Brazos","Bracos","STANDARD_REVIEW"
"catalog.exercise.labels.muscles.core","Core","Core","Core","STANDARD_REVIEW"
"catalog.exercise.labels.muscles.glutes","Glutes","Gluteos","Gluteos","STANDARD_REVIEW"
"catalog.exercise.labels.equipment.barbell","Barbell","Barra","Barra","STANDARD_REVIEW"
"catalog.exercise.labels.equipment.dumbbell","Dumbbell","Mancuerna","Halter","STANDARD_REVIEW"
"catalog.exercise.labels.equipment.cable","Cable","Polea","Cabo","STANDARD_REVIEW"
"catalog.exercise.labels.equipment.machine","Machine","Maquina","Maquina","STANDARD_REVIEW"
"catalog.exercise.labels.equipment.bodyweight","Bodyweight","Peso corporal","Peso corporal","STANDARD_REVIEW"
"catalog.exercise.labels.equipment.kettlebell","Kettlebell","Pesa rusa","Kettlebell","STANDARD_REVIEW"
"catalog.exercise.labels.equipment.ez-bar","EZ bar","Barra EZ","Barra EZ","STANDARD_REVIEW"
"catalog.exercise.labels.equipment.exercise-ball","Exercise ball","Balon de ejercicio","Bola de exercicio","STANDARD_REVIEW"
"catalog.exercise.labels.equipment.foam-roll","Foam roller","Rodillo de espuma","Rolo de espuma","STANDARD_REVIEW"
"catalog.exercise.labels.equipment.medicine-ball","Medicine ball","Balon medicinal","Bola medicinal","STANDARD_REVIEW"
"catalog.exercise.labels.equipment.bands","Resistance bands","Bandas de resistencia","Faixas elasticas","STANDARD_REVIEW"
"catalog.exercise.labels.difficulty.beginner","Beginner","Principiante","Iniciante","STANDARD_REVIEW"
"catalog.exercise.labels.difficulty.intermediate","Intermediate","Intermedio","Intermediario","STANDARD_REVIEW"
"catalog.exercise.labels.difficulty.advanced","Advanced","Avanzado","Avancado","STANDARD_REVIEW"
"catalog.exercise.labels.exerciseTypes.strength","Strength","Fuerza","Forca","STANDARD_REVIEW"
"catalog.exercise.labels.exerciseTypes.stretching","Stretching","Estiramiento","Alongamento","STANDARD_REVIEW"
"catalog.exercise.labels.exerciseTypes.cardio","Cardio","Cardio","Cardio","STANDARD_REVIEW"
"catalog.exercise.labels.exerciseTypes.plyometrics","Plyometrics","Pliometria","Pliometria","STANDARD_REVIEW"
"catalog.exercise.labels.exerciseTypes.olympic-weightlifting","Olympic weightlifting","Halterofilia olimpica","Levantamento olimpico","STANDARD_REVIEW"
"catalog.exercise.labels.movementPatterns.horizontal-push","Horizontal push","Empuje horizontal","Empurrada horizontal","STANDARD_REVIEW"
"catalog.exercise.labels.movementPatterns.horizontal_push","Horizontal push","Empuje horizontal","Empurrada horizontal","STANDARD_REVIEW"
"catalog.exercise.labels.movementPatterns.vertical-push","Vertical push","Empuje vertical","Empurrada vertical","STANDARD_REVIEW"
"catalog.exercise.labels.movementPatterns.vertical_push","Vertical push","Empuje vertical","Empurrada vertical","STANDARD_REVIEW"
"catalog.exercise.labels.movementPatterns.horizontal-pull","Horizontal pull","Jalon horizontal","Puxada horizontal","STANDARD_REVIEW"
"catalog.exercise.labels.movementPatterns.horizontal_pull","Horizontal pull","Jalon horizontal","Puxada horizontal","STANDARD_REVIEW"
"catalog.exercise.labels.movementPatterns.vertical-pull","Vertical pull","Jalon vertical","Puxada vertical","STANDARD_REVIEW"
"catalog.exercise.labels.movementPatterns.vertical_pull","Vertical pull","Jalon vertical","Puxada vertical","STANDARD_REVIEW"
"catalog.exercise.labels.movementPatterns.squat","Squat","Sentadilla","Agachamento","STANDARD_REVIEW"
"catalog.exercise.labels.movementPatterns.hinge","Hinge","Bisagra de cadera","Dobramento de quadril","STANDARD_REVIEW"
"catalog.exercise.labels.movementPatterns.lunge","Lunge","Zancada","Avanco","STANDARD_REVIEW"
"catalog.exercise.labels.movementPatterns.carry","Carry","Transporte","Transporte","STANDARD_REVIEW"
"catalog.exercise.labels.movementPatterns.rotation","Rotation","Rotacion","Rotacao","STANDARD_REVIEW"
"catalog.exercise.labels.movementPatterns.elbow-flexion","Elbow flexion","Flexion de codo","Flexao de cotovelo","STANDARD_REVIEW"
"catalog.exercise.labels.movementPatterns.elbow_flexion","Elbow flexion","Flexion de codo","Flexao de cotovelo","STANDARD_REVIEW"
"catalog.exercise.labels.movementPatterns.elbow-extension","Elbow extension","Extension de codo","Extensao de cotovelo","STANDARD_REVIEW"
"catalog.exercise.labels.movementPatterns.elbow_extension","Elbow extension","Extension de codo","Extensao de cotovelo","STANDARD_REVIEW"
"catalog.exercise.labels.movementPatterns.single-leg","Single-leg","Una pierna","Unilateral","STANDARD_REVIEW"
"catalog.exercise.disclaimer.label","Disclaimer","Aviso","Aviso","STANDARD_REVIEW"
"catalog.exercise.disclaimer.message","Exercise involves risk of injury. Use appropriate technique, equipment, and judgment, and choose activities appropriate for your abilities. This content is for general informational purposes and is not medical advice.","El ejercicio implica riesgo de lesiones. Usa tecnica, equipo y criterio adecuados, y elige actividades apropiadas para tu capacidad. Este contenido es informativo y no constituye consejo medico.","Exercicios envolvem risco de lesao. Use tecnica, equipamento e criterio adequados e escolha atividades apropriadas para sua capacidade. Este conteudo e informativo e nao constitui orientacao medica.","LEGAL_HEALTH_REVIEW"
"catalog.exercise.cta.indexTitle","Want to track your exercises for free in Logbook?","¿Quieres registrar tus ejercicios gratis en Logbook?","Quer registrar seus exercicios gratis no Logbook?","STANDARD_REVIEW"
"catalog.exercise.cta.indexCopy","Use Logbook to record sets, reps, weights, and workout history once you find the movements you want to repeat.","Usa Logbook para registrar series, repeticiones, peso e historial de entrenamiento.","Use o Logbook para registrar series, repeticoes, cargas e historico de treino.","STANDARD_REVIEW"
"catalog.exercise.cta.categoryTitle","Track this exercise category for free in Logbook.","Registra esta categoria gratis en Logbook.","Registre esta categoria gratis no Logbook.","STANDARD_REVIEW"
"catalog.exercise.cta.categoryCopy","Save the work, review progress, and make clearer training decisions in Logbook.","Guarda tu trabajo, revisa el progreso y toma decisiones mas claras en Logbook.","Salve o treino, revise o progresso e tome decisoes mais claras no Logbook.","STANDARD_REVIEW"
"catalog.exercise.cta.detailTitle","Track this exercise for free in Logbook.","Registra este ejercicio gratis en Logbook.","Registre este exercicio gratis no Logbook.","STANDARD_REVIEW"
"catalog.exercise.cta.detailCopy","Record sets, reps, load, and progress without guessing what happened last week.","Registra series, repeticiones, carga y progreso sin adivinar lo que hiciste la semana pasada.","Registre series, repeticoes, carga e progresso sem tentar lembrar da semana passada.","STANDARD_REVIEW"
"catalog.nutrition.seo.indexTitle","Restaurant Nutrition Facts & Macros","Informacion nutricional y macros de restaurantes","Informacoes nutricionais e macros de restaurantes","SEO_REVIEW"
"catalog.nutrition.seo.indexDescription","Search restaurant nutrition facts and compare calories, protein, carbohydrates, fat, and serving sizes.","Busca informacion nutricional de restaurantes y compara calorias, proteina, carbohidratos, grasa y porciones.","Busque informacoes nutricionais e compare calorias, proteina, carboidratos, gordura e porcoes.","SEO_REVIEW"
"catalog.nutrition.seo.restaurantTitle","{restaurant} Nutrition Facts","Informacion nutricional de {restaurant}","Informacoes nutricionais de {restaurant}","SEO_REVIEW"
"catalog.nutrition.seo.restaurantDescription","Explore {restaurant} nutrition facts, calories, protein, carbohydrates, fat, and serving sizes across menu items.","Explora calorias, proteina, carbohidratos, grasa y porciones de los productos de {restaurant}.","Explore calorias, proteina, carboidratos, gordura e porcoes dos produtos de {restaurant}.","SEO_REVIEW"
"catalog.nutrition.seo.methodologyTitle","Restaurant Nutrition Data Methodology","Metodologia de datos nutricionales","Metodologia dos dados nutricionais","SEO_REVIEW"
"catalog.nutrition.seo.methodologyDescription","Learn how ElevareFit organizes restaurant nutrition data and presents calorie and macro estimates responsibly.","Conoce como ElevareFit organiza y presenta responsablemente los datos nutricionales de restaurantes.","Saiba como a ElevareFit organiza e apresenta dados nutricionais de restaurantes com responsabilidade.","SEO_REVIEW"
"catalog.nutrition.index.eyebrow","Nutrition","Nutricion","Nutricao","STANDARD_REVIEW"
"catalog.nutrition.index.title","Restaurant nutrition facts and macros.","Informacion nutricional y macros de restaurantes.","Informacoes nutricionais e macros de restaurantes.","STANDARD_REVIEW"
"catalog.nutrition.index.intro","Search restaurants, compare menu items, and review calories, protein, carbohydrates, and fat before you order.","Busca restaurantes, compara productos y revisa calorias, proteina, carbohidratos y grasa antes de ordenar.","Busque restaurantes, compare produtos e confira calorias, proteina, carboidratos e gordura antes de pedir.","STANDARD_REVIEW"
"catalog.nutrition.index.highProteinCta","Explore high-protein fast food options","Explorar opciones altas en proteina","Explorar opcoes ricas em proteina","STANDARD_REVIEW"
"catalog.nutrition.index.calculatorCta","Open calorie calculator","Abrir calculadora de calorias","Abrir calculadora de calorias","STANDARD_REVIEW"
"catalog.nutrition.index.restaurants","Restaurants","Restaurantes","Restaurantes","STANDARD_REVIEW"
"catalog.nutrition.index.restaurantsCopy","Public restaurant nutrition guides you can search and compare.","Guias publicas que puedes buscar y comparar.","Guias publicos que voce pode buscar e comparar.","STANDARD_REVIEW"
"catalog.nutrition.index.items","Menu items","Productos del menu","Itens do cardapio","STANDARD_REVIEW"
"catalog.nutrition.index.itemsCopy","Calories and macros from the current restaurant nutrition dataset.","Calorias y macros del conjunto de datos actual.","Calorias e macros do conjunto de dados atual.","STANDARD_REVIEW"
"catalog.nutrition.index.popularSearches","Popular searches","Busquedas populares","Buscas populares","STANDARD_REVIEW"
"catalog.nutrition.index.popularValue","Fast food and chains","Comida rapida y cadenas","Fast food e redes","STANDARD_REVIEW"
"catalog.nutrition.index.popularCopy","Explore common restaurant searches or specific menu items.","Explora restaurantes comunes o productos especificos.","Explore restaurantes comuns ou produtos especificos.","STANDARD_REVIEW"
"catalog.nutrition.index.popularEyebrow","Popular restaurants","Restaurantes populares","Restaurantes populares","STANDARD_REVIEW"
"catalog.nutrition.index.popularTitle","Start with the restaurants people search most.","Comienza con los restaurantes mas buscados.","Comece pelos restaurantes mais buscados.","STANDARD_REVIEW"
"catalog.nutrition.index.popularSectionCopy","Open a restaurant nutrition page, then use search and filters to compare menu items.","Abre una pagina de nutricion y usa la busqueda y los filtros para comparar productos.","Abra uma pagina de nutricao e use a busca e os filtros para comparar itens.","STANDARD_REVIEW"
"catalog.nutrition.index.quickLinksTitle","Quick links to restaurant nutrition facts.","Accesos rapidos a informacion nutricional.","Atalhos para informacoes nutricionais.","STANDARD_REVIEW"
"catalog.nutrition.index.quickLinksCopy","Go directly to featured restaurant guides and compare nutrition facts.","Ve directamente a las guias destacadas y compara sus datos.","Va direto aos guias em destaque e compare os dados.","STANDARD_REVIEW"
"catalog.nutrition.search.eyebrow","Search","Buscar","Buscar","STANDARD_REVIEW"
"catalog.nutrition.search.title","Search restaurants and menu items.","Busca restaurantes y productos del menu.","Busque restaurantes e itens do cardapio.","STANDARD_REVIEW"
"catalog.nutrition.search.copy","Search by restaurant name or go directly to menu items and their macros.","Busca por nombre del restaurante o ve directamente a productos y sus macros.","Busque pelo nome do restaurante ou va direto aos itens e seus macros.","STANDARD_REVIEW"
"catalog.nutrition.search.restaurantsLabel","Search restaurants","Buscar restaurantes","Buscar restaurantes","STANDARD_REVIEW"
"catalog.nutrition.search.restaurantsPlaceholder","Chipotle, Subway, Starbucks...","Chipotle, Subway, Starbucks...","Chipotle, Subway, Starbucks...","STANDARD_REVIEW"
"catalog.nutrition.search.itemsLabel","Search menu items","Buscar productos del menu","Buscar itens do cardapio","STANDARD_REVIEW"
"catalog.nutrition.search.itemsPlaceholder","Chicken bowl, grilled nuggets...","Tazon de pollo, nuggets a la parrilla...","Tigela de frango, nuggets grelhados...","STANDARD_REVIEW"
"catalog.nutrition.search.noRestaurants","No restaurants matched that search.","Ningun restaurante coincide con esa busqueda.","Nenhum restaurante corresponde a busca.","STANDARD_REVIEW"
"catalog.nutrition.search.typeMore","Type at least 2 characters to search menu items.","Escribe al menos 2 caracteres para buscar productos.","Digite pelo menos 2 caracteres para buscar itens.","STANDARD_REVIEW"
"catalog.nutrition.search.loading","Loading menu item search...","Cargando la busqueda de productos...","Carregando a busca de itens...","STANDARD_REVIEW"
"catalog.nutrition.search.unavailable","Menu item search is temporarily unavailable. Try again.","La busqueda no esta disponible temporalmente. Intenta de nuevo.","A busca esta temporariamente indisponivel. Tente novamente.","STANDARD_REVIEW"
"catalog.nutrition.search.noItems","No menu items matched that search.","Ningun producto coincide con esa busqueda.","Nenhum item corresponde a busca.","STANDARD_REVIEW"
"catalog.nutrition.search.itemSingular","item","producto","item","STANDARD_REVIEW"
"catalog.nutrition.search.itemPlural","items","productos","itens","STANDARD_REVIEW"
"catalog.nutrition.search.at","at","en","em","STANDARD_REVIEW"
"catalog.nutrition.search.caloriesShort","cal","cal","cal","STANDARD_REVIEW"
"catalog.nutrition.search.protein","protein","proteina","proteina","STANDARD_REVIEW"
"catalog.nutrition.search.carbs","carbs","carbohidratos","carboidratos","STANDARD_REVIEW"
"catalog.nutrition.search.fat","fat","grasa","gordura","STANDARD_REVIEW"
"catalog.nutrition.restaurant.eyebrow","Restaurant nutrition","Nutricion del restaurante","Nutricao do restaurante","STANDARD_REVIEW"
"catalog.nutrition.restaurant.headline","{restaurant} nutrition facts.","Informacion nutricional de {restaurant}.","Informacoes nutricionais de {restaurant}.","STANDARD_REVIEW"
"catalog.nutrition.restaurant.intro","Search, filter, and compare calories, protein, carbohydrates, fat, and serving size across {restaurant} menu items.","Busca, filtra y compara calorias, proteina, carbohidratos, grasa y porciones de {restaurant}.","Busque, filtre e compare calorias, proteina, carboidratos, gordura e porcoes de {restaurant}.","STANDARD_REVIEW"
"catalog.nutrition.restaurant.highProteinCta","See highest protein items","Ver productos con mas proteina","Ver itens com mais proteina","STANDARD_REVIEW"
"catalog.nutrition.restaurant.under500Cta","See items under 500 calories","Ver productos con menos de 500 calorias","Ver itens com menos de 500 calorias","STANDARD_REVIEW"
"catalog.nutrition.restaurant.menuItems","Menu items","Productos del menu","Itens do cardapio","STANDARD_REVIEW"
"catalog.nutrition.restaurant.menuItemsCopy","Public items currently available in this restaurant nutrition guide.","Productos disponibles en esta guia nutricional.","Itens disponiveis neste guia nutricional.","STANDARD_REVIEW"
"catalog.nutrition.restaurant.categories","Categories","Categorias","Categorias","STANDARD_REVIEW"
"catalog.nutrition.restaurant.categoriesCopy","Use category filters to narrow the menu faster.","Usa los filtros para limitar el menu.","Use os filtros para reduzir o cardapio.","STANDARD_REVIEW"
"catalog.nutrition.restaurant.macros","Macros","Macros","Macros","STANDARD_REVIEW"
"catalog.nutrition.restaurant.macrosValue","Calories, protein, carbs, fat","Calorias, proteina, carbohidratos, grasa","Calorias, proteina, carboidratos, gordura","STANDARD_REVIEW"
"catalog.nutrition.restaurant.macrosCopy","Sort by the macro view that best matches your goal.","Ordena segun el dato que mejor se ajuste a tu objetivo.","Ordene pelo dado que melhor se ajusta ao seu objetivo.","STANDARD_REVIEW"
"catalog.nutrition.restaurant.moreViews","More {restaurant} nutrition views","Mas vistas de nutricion de {restaurant}","Mais visualizacoes de {restaurant}","STANDARD_REVIEW"
"catalog.nutrition.restaurant.moreViewsCopy","Compare higher-protein, lower-calorie, lower-carb, and under-500-calorie options.","Compara opciones con mas proteina, menos calorias y menos carbohidratos.","Compare opcoes com mais proteina, menos calorias e menos carboidratos.","STANDARD_REVIEW"
"catalog.nutrition.restaurant.moreRestaurants","More restaurant nutrition facts","Mas informacion nutricional","Mais informacoes nutricionais","STANDARD_REVIEW"
"catalog.nutrition.restaurant.moreRestaurantsCopy","Keep exploring related restaurant guides and compare more menus.","Sigue explorando otras guias de restaurantes.","Continue explorando outros guias de restaurantes.","STANDARD_REVIEW"
"catalog.nutrition.restaurant.relatedTools","Related tools","Herramientas relacionadas","Ferramentas relacionadas","STANDARD_REVIEW"
"catalog.nutrition.restaurant.relatedToolsCopy","Estimate calories, protein, macros, and body fat alongside menu planning.","Estima calorias, proteina, macros y grasa corporal.","Estime calorias, proteina, macros e gordura corporal.","STANDARD_REVIEW"
"catalog.nutrition.variant.restaurantEyebrow","Restaurant nutrition","Nutricion del restaurante","Nutricao do restaurante","STANDARD_REVIEW"
"catalog.nutrition.variant.fastFoodEyebrow","Fast food nutrition","Nutricion de comida rapida","Nutricao de fast food","STANDARD_REVIEW"
"catalog.nutrition.variant.allFacts","View all nutrition facts","Ver toda la informacion nutricional","Ver todas as informacoes nutricionais","STANDARD_REVIEW"
"catalog.nutrition.variant.anotherView","Explore another nutrition view","Explorar otra vista nutricional","Explorar outra visualizacao","STANDARD_REVIEW"
"catalog.nutrition.variant.itemsInView","Items in this view","Productos en esta vista","Itens nesta visualizacao","STANDARD_REVIEW"
"catalog.nutrition.variant.itemsInViewCopy","Filtered menu items in this nutrition view.","Productos filtrados disponibles en esta vista nutricional.","Itens filtrados disponiveis nesta visualizacao.","STANDARD_REVIEW"
"catalog.nutrition.variant.restaurantItems","Restaurant menu items","Productos del restaurante","Itens do restaurante","STANDARD_REVIEW"
"catalog.nutrition.variant.restaurantItemsCopy","Compare this filtered view with the full menu.","Compara esta vista filtrada con el menu completo.","Compare esta visualizacao com o cardapio completo.","STANDARD_REVIEW"
"catalog.nutrition.variant.sortOptions","Sort options","Opciones de orden","Opcoes de ordenacao","STANDARD_REVIEW"
"catalog.nutrition.variant.sortValue","Protein, calories, carbs, fat","Proteina, calorias, carbohidratos, grasa","Proteina, calorias, carboidratos, gordura","STANDARD_REVIEW"
"catalog.nutrition.variant.sortCopy","Re-sort the list to compare macro tradeoffs.","Cambia el orden para comparar mejor los macros.","Mude a ordem para comparar melhor os macros.","STANDARD_REVIEW"
"catalog.nutrition.variant.popularRestaurants","Popular restaurants","Restaurantes populares","Restaurantes populares","STANDARD_REVIEW"
"catalog.nutrition.variant.popularRestaurantsTitle","Popular fast food restaurants in this nutrition view.","Compara opciones de restaurantes populares.","Compare opcoes de restaurantes populares.","STANDARD_REVIEW"
"catalog.nutrition.variant.popularRestaurantsCopy","Open restaurant-specific nutrition pages to compare a menu more closely.","Abre un restaurante para explorar todo su menu nutricional.","Abra um restaurante para explorar todo o cardapio nutricional.","STANDARD_REVIEW"
"catalog.nutrition.variant.fastFoodGuides","More fast food nutrition guides","Guias de comida rapida","Guias de fast food","STANDARD_REVIEW"
"catalog.nutrition.variant.fastFoodGuidesCopy","Switch between higher-protein, lower-calorie, and under-500-calorie views.","Compara opciones con mas proteina, menos calorias y menos de 500 calorias.","Compare opcoes com mais proteina, menos calorias e menos de 500 calorias.","STANDARD_REVIEW"
"catalog.nutrition.explorer.variants.all","All items","Todos los productos","Todos os itens","STANDARD_REVIEW"
"catalog.nutrition.explorer.variants.high-protein","High protein","Alta proteina","Rico em proteina","STANDARD_REVIEW"
"catalog.nutrition.explorer.variants.low-calorie","Low calorie","Bajas calorias","Baixas calorias","STANDARD_REVIEW"
"catalog.nutrition.explorer.variants.under-500-calories","Under 500 calories","Menos de 500 calorias","Menos de 500 calorias","STANDARD_REVIEW"
"catalog.nutrition.explorer.variants.low-carb","Low carb","Bajos carbohidratos","Poucos carboidratos","STANDARD_REVIEW"
"catalog.nutrition.explorer.title","Filter and sort menu items.","Filtra y ordena los productos.","Filtre e ordene os itens.","STANDARD_REVIEW"
"catalog.nutrition.explorer.copy","Sort by calories, protein, carbohydrates, fat, or protein per calorie and narrow the list to your goal.","Ordena por calorias, proteina, carbohidratos, grasa o proteina por caloria.","Ordene por calorias, proteina, carboidratos, gordura ou proteina por caloria.","STANDARD_REVIEW"
"catalog.nutrition.explorer.searchLabel","Search items","Buscar productos","Buscar itens","STANDARD_REVIEW"
"catalog.nutrition.explorer.searchPlaceholder","Search menu items","Buscar en el menu","Buscar no cardapio","STANDARD_REVIEW"
"catalog.nutrition.explorer.category","Category","Categoria","Categoria","STANDARD_REVIEW"
"catalog.nutrition.explorer.allCategories","All categories","Todas las categorias","Todas as categorias","STANDARD_REVIEW"
"catalog.nutrition.explorer.maxCalories","Max calories","Calorias maximas","Maximo de calorias","STANDARD_REVIEW"
"catalog.nutrition.explorer.minProtein","Min protein","Proteina minima","Minimo de proteina","STANDARD_REVIEW"
"catalog.nutrition.explorer.maxCarbs","Max carbs","Carbohidratos maximos","Maximo de carboidratos","STANDARD_REVIEW"
"catalog.nutrition.explorer.maxFat","Max fat","Grasa maxima","Maximo de gordura","STANDARD_REVIEW"
"catalog.nutrition.explorer.hideExtras","Hide drinks, sauces, toppings, and add-ons","Ocultar bebidas, salsas, toppings y adicionales","Ocultar bebidas, molhos, coberturas e adicionais","STANDARD_REVIEW"
"catalog.nutrition.explorer.sort","Sort","Ordenar","Ordenar","STANDARD_REVIEW"
"catalog.nutrition.explorer.sortOptions.lowest-calories","Lowest calories","Menos calorias","Menos calorias","STANDARD_REVIEW"
"catalog.nutrition.explorer.sortOptions.highest-calories","Highest calories","Mas calorias","Mais calorias","STANDARD_REVIEW"
"catalog.nutrition.explorer.sortOptions.highest-protein","Highest protein","Mas proteina","Mais proteina","STANDARD_REVIEW"
"catalog.nutrition.explorer.sortOptions.highest-protein-per-calorie","Highest protein per calorie","Mas proteina por caloria","Mais proteina por caloria","STANDARD_REVIEW"
"catalog.nutrition.explorer.sortOptions.lowest-carbs","Lowest carbs","Menos carbohidratos","Menos carboidratos","STANDARD_REVIEW"
"catalog.nutrition.explorer.sortOptions.lowest-fat","Lowest fat","Menos grasa","Menos gordura","STANDARD_REVIEW"
"catalog.nutrition.explorer.itemSingular","item","producto","item","STANDARD_REVIEW"
"catalog.nutrition.explorer.itemPlural","items","productos","itens","STANDARD_REVIEW"
"catalog.nutrition.explorer.total","{count} total in this view","{count} en total en esta vista","{count} no total nesta visualizacao","STANDARD_REVIEW"
"catalog.nutrition.explorer.empty","No items matched the current filters. Adjust the search or macro filters and try again.","Ningun producto coincide con los filtros. Ajustalos e intenta de nuevo.","Nenhum item corresponde aos filtros. Ajuste-os e tente novamente.","STANDARD_REVIEW"
"catalog.nutrition.explorer.restaurant","Restaurant","Restaurante","Restaurante","STANDARD_REVIEW"
"catalog.nutrition.explorer.item","Item","Producto","Item","STANDARD_REVIEW"
"catalog.nutrition.explorer.serving","Serving size","Porcion","Porcao","STANDARD_REVIEW"
"catalog.nutrition.explorer.calories","Calories","Calorias","Calorias","STANDARD_REVIEW"
"catalog.nutrition.explorer.protein","Protein","Proteina","Proteina","STANDARD_REVIEW"
"catalog.nutrition.explorer.carbs","Carbs","Carbohidratos","Carboidratos","STANDARD_REVIEW"
"catalog.nutrition.explorer.fat","Fat","Grasa","Gordura","STANDARD_REVIEW"
"catalog.nutrition.explorer.proteinPerCalorie","Protein / Cal","Proteina / cal","Proteina / cal","STANDARD_REVIEW"
"catalog.nutrition.explorer.tags","Tags","Etiquetas","Marcadores","STANDARD_REVIEW"
"catalog.nutrition.explorer.servingVaries","Serving varies","La porcion varia","A porcao varia","STANDARD_REVIEW"
"catalog.nutrition.explorer.tagLabels.High Protein","High Protein","Alta proteina","Rico em proteina","STANDARD_REVIEW"
"catalog.nutrition.explorer.tagLabels.Very High Protein","Very High Protein","Proteina muy alta","Muito rico em proteina","STANDARD_REVIEW"
"catalog.nutrition.explorer.tagLabels.Low Calorie","Low Calorie","Bajas calorias","Baixas calorias","STANDARD_REVIEW"
"catalog.nutrition.explorer.tagLabels.Very Low Calorie","Very Low Calorie","Calorias muy bajas","Muito poucas calorias","STANDARD_REVIEW"
"catalog.nutrition.explorer.tagLabels.Low Carb","Low Carb","Bajos carbohidratos","Poucos carboidratos","STANDARD_REVIEW"
"catalog.nutrition.explorer.tagLabels.Low Fat","Low Fat","Baja en grasa","Pouca gordura","STANDARD_REVIEW"
"catalog.nutrition.card.itemSingular","item","producto","item","STANDARD_REVIEW"
"catalog.nutrition.card.itemPlural","items","productos","itens","STANDARD_REVIEW"
"catalog.nutrition.card.description","Explore calories, protein, carbohydrates, and fat across {count} menu items.","Explora calorias, proteina, carbohidratos y grasa en {count} productos.","Explore calorias, proteina, carboidratos e gordura em {count} itens.","STANDARD_REVIEW"
"catalog.nutrition.card.view","View nutrition facts","Ver informacion nutricional","Ver informacoes nutricionais","STANDARD_REVIEW"
"catalog.nutrition.links.eyebrow","Related nutrition links","Explorar mas","Explore mais","STANDARD_REVIEW"
"catalog.nutrition.links.popularSearches","Popular nutrition searches","Busquedas nutricionales populares","Buscas nutricionais populares","STANDARD_REVIEW"
"catalog.nutrition.links.popularSearchesCopy","Explore common restaurant nutrition pages and curated macro views.","Explora paginas de restaurantes y vistas de macros frecuentes.","Explore paginas de restaurantes e visualizacoes de macros frequentes.","STANDARD_REVIEW"
"catalog.nutrition.links.fastFoodGuides","Fast food nutrition guides","Guias nutricionales de comida rapida","Guias nutricionais de fast food","STANDARD_REVIEW"
"catalog.nutrition.links.fastFoodGuidesCopy","Compare fast food items by protein, calories, and lighter options.","Compara productos por proteina, calorias y opciones mas ligeras.","Compare itens por proteina, calorias e opcoes mais leves.","STANDARD_REVIEW"
"catalog.nutrition.links.relatedTools","Related tools","Herramientas relacionadas","Ferramentas relacionadas","STANDARD_REVIEW"
"catalog.nutrition.links.relatedToolsCopy","Estimate calories, protein, macros, and body fat alongside restaurant menu comparisons.","Estima calorias, proteina, macros y grasa corporal junto con tus comparaciones.","Estime calorias, proteina, macros e gordura corporal junto com suas comparacoes.","STANDARD_REVIEW"
"catalog.nutrition.methodology.eyebrow","Nutrition transparency","Transparencia nutricional","Transparencia nutricional","STANDARD_REVIEW"
"catalog.nutrition.methodology.title","How restaurant nutrition data is handled.","Como se manejan los datos nutricionales de restaurantes.","Como os dados nutricionais de restaurantes sao tratados.","STANDARD_REVIEW"
"catalog.nutrition.methodology.intro","ElevareFit organizes restaurant calorie and macro information to make menu comparisons easier. This page explains what the data represents and what you should verify directly.","ElevareFit organiza informacion de calorias y macros para facilitar comparaciones. Esta pagina explica que representan los datos y que debes verificar directamente.","A ElevareFit organiza informacoes de calorias e macros para facilitar comparacoes. Esta pagina explica o que os dados representam e o que deve ser verificado diretamente.","STANDARD_REVIEW"
"catalog.nutrition.methodology.browse","Browse nutrition facts","Explorar informacion nutricional","Explorar informacoes nutricionais","STANDARD_REVIEW"
"catalog.nutrition.methodology.sections[0].title","Data sources","Fuentes de datos","Fontes de dados","STANDARD_REVIEW"
"catalog.nutrition.methodology.sections[0].body","Nutrition records are compiled from publicly available restaurant and product information. ElevareFit does not independently laboratory-test restaurant products.","Los registros se compilan a partir de informacion publica de restaurantes y productos. ElevareFit no realiza pruebas de laboratorio independientes.","Os registros sao compilados a partir de informacoes publicas de restaurantes e produtos. A ElevareFit nao realiza testes laboratoriais independentes.","STANDARD_REVIEW"
"catalog.nutrition.methodology.sections[1].title","Serving sizes and custom orders","Porciones y pedidos personalizados","Porcoes e pedidos personalizados","STANDARD_REVIEW"
"catalog.nutrition.methodology.sections[1].body","Values apply to the listed item and serving. Portions, recipes, preparation, substitutions, toppings, sauces, and customizations can change actual nutrition.","Los valores corresponden al producto y porcion indicados. Las recetas, sustituciones, toppings, salsas y personalizaciones pueden cambiar los datos reales.","Os valores correspondem ao item e a porcao indicados. Receitas, substituicoes, coberturas, molhos e personalizacoes podem alterar os valores reais.","STANDARD_REVIEW"
"catalog.nutrition.methodology.sections[2].title","Updates and menu changes","Actualizaciones y cambios del menu","Atualizacoes e mudancas no cardapio","STANDARD_REVIEW"
"catalog.nutrition.methodology.sections[2].body","Restaurant menus and recipes change. A database update date does not guarantee that a restaurant has not changed an item since publication.","Los menus y las recetas cambian. La fecha de actualizacion no garantiza que un restaurante no haya modificado un producto desde su publicacion.","Cardapios e receitas mudam. A data de atualizacao nao garante que um restaurante nao tenha alterado um item desde a publicacao.","LEGAL_HEALTH_REVIEW"
"catalog.nutrition.methodology.sections[3].title","How comparisons are calculated","Como se calculan las comparaciones","Como as comparacoes sao calculadas","STANDARD_REVIEW"
"catalog.nutrition.methodology.sections[3].body","Curated views filter and sort available records. They are comparison tools, not endorsements or personalized recommendations. Missing values are not inferred as zero.","Las vistas filtran y ordenan los registros disponibles. Son herramientas de comparacion, no recomendaciones personalizadas. Los valores faltantes no se consideran cero.","As visualizacoes filtram e ordenam os registros disponiveis. Sao ferramentas de comparacao, nao recomendacoes personalizadas. Valores ausentes nao sao considerados zero.","AI_CLAIM_REVIEW"
"catalog.nutrition.methodology.sections[4].title","Allergies, medical conditions, and verification","Alergias, condiciones medicas y verificacion","Alergias, condicoes medicas e verificacao","LEGAL_HEALTH_REVIEW"
"catalog.nutrition.methodology.sections[4].body","Do not use this database to determine whether an item is safe for an allergy or medical condition. Confirm ingredients, allergens, and preparation directly with the restaurant.","No uses esta base de datos para decidir si un producto es seguro para una alergia o condicion medica. Confirma ingredientes, alergenos y preparacion con el restaurante.","Nao use esta base para decidir se um item e seguro para alergia ou condicao medica. Confirme ingredientes, alergenos e preparo diretamente com o restaurante.","LEGAL_HEALTH_REVIEW"
"catalog.nutrition.disclaimer.label","Disclaimer","Aviso","Aviso","STANDARD_REVIEW"
"catalog.nutrition.disclaimer.paragraphs[0]","Nutrition information is provided for informational purposes and may vary by location, preparation, serving size, recipe, menu updates, and customization. Verify information directly with the restaurant when accuracy is important.","La informacion nutricional es informativa y puede variar por ubicacion, preparacion, porcion, receta, cambios del menu y personalizacion. Verifica los datos directamente con el restaurante cuando la precision sea importante.","As informacoes nutricionais sao informativas e podem variar por local, preparo, porcao, receita, alteracoes do cardapio e personalizacao. Confirme diretamente com o restaurante quando a precisao for importante.","STANDARD_REVIEW"
"catalog.nutrition.disclaimer.paragraphs[1]","Elevare does not guarantee that nutrition information is complete, current, or error-free.","Elevare no garantiza que la informacion nutricional sea completa, actual o libre de errores.","A Elevare nao garante que as informacoes nutricionais sejam completas, atuais ou livres de erros.","LEGAL_HEALTH_REVIEW"
"catalog.nutrition.disclaimer.paragraphs[2]","Do not rely on this information to determine whether a food is safe for a food allergy or medical condition. Contact the restaurant directly about ingredients and allergens.","No uses esta informacion para determinar si un alimento es seguro para una alergia o condicion medica. Consulta directamente al restaurante sobre ingredientes y alergenos.","Nao use estas informacoes para determinar se um alimento e seguro para uma alergia ou condicao medica. Consulte o restaurante sobre ingredientes e alergenos.","LEGAL_HEALTH_REVIEW"
"catalog.nutrition.disclaimer.paragraphs[3]","Third-party names and trademarks are the property of their respective owners. ElevareFit is not affiliated with or endorsed by these companies unless expressly stated.","Los nombres y marcas de terceros pertenecen a sus respectivos propietarios. ElevareFit no esta afiliado ni respaldado por estas empresas salvo indicacion expresa.","Nomes e marcas de terceiros pertencem aos respectivos proprietarios. A ElevareFit nao e afiliada nem endossada por essas empresas, salvo indicacao expressa.","STANDARD_REVIEW"
"catalog.nutrition.disclaimer.methodologyLink","Read how ElevareFit handles restaurant nutrition data.","Lee como ElevareFit maneja los datos nutricionales.","Leia como a ElevareFit trata os dados nutricionais.","STANDARD_REVIEW"
"catalog.nutrition.cta.label","Track with Logbook","Registrar con Logbook","Registrar com o Logbook","STANDARD_REVIEW"
"catalog.nutrition.cta.title","Track your nutrition with Logbook","Registra tu nutricion con Logbook","Registre sua nutricao com o Logbook","STANDARD_REVIEW"
"catalog.nutrition.cta.copy","Track calories, macros, weight, workouts, and progress for free.","Registra calorias, macros, peso, entrenamientos y progreso gratis.","Registre calorias, macros, peso, treinos e progresso gratuitamente.","STANDARD_REVIEW"
